County,"Imprisonments per 1,000 annual adult felony arrests","County imprisonment rate as percent of state average (=100%), arrest based","County imprisonments if rate equalled state average, projected (number)",County actual imprisonments minus projected imprisonments at average state rate (number),Total imprisonment costs (millions of dollars),Costs added (saved) from excessive (lower) imprisonments (millions of dollars/year),Total imprisonment costs per adult felony arrest (actual dollars),Total imprisonment costs per adult felony arrest versus state average (actual dollars),"Men imprisoned per 1,000 male felony arrests","Women imprisoned per 1,000 female felony arrests","White, not Latino, imprisonments per 1,000 white felony arrests","Latino imprisonments per 1,000 latino felony arrests","Black imprisonments per 1,000 black felony arrests","Asian/other imprisonments per 1,000 asian/other felony arrests","Imprisonments for violent offenses per 1,000 violent felony arrests","Imprisonments for property offenses per 1,000 property felony arrests","Imprisonments for drug offenses per 1,000 drug felony arrests","Total adult imprisonments per 100,000/population age 18-69","Men imprisoned per 100,000 males","Women imprisoned per 100,000 females","White, not Latino, imprisonments per 100,000 whites","Latino imprisonments per 100,000 Latinos","Black imprisonments per 100,000 African Americans","Asian/other imprisonments per 100,000 asian/other population","Imprisonments for violent offenses per 100,000 population","Imprisonments for property offenses per 100,000 population","Imprisonments for drug offenses per 100,000 population","Imprisonments for drug possession offenses per 100,000 population","Imprisonments for marijuana offenses per 100,000 population","Imprisonments for strike offenses per 100,000 population","Imprisonments for 3rd strikes per 100,000 population","Imprisonments for 2nd strikes per 100,000 population",Change in imprisonment rates per adult felony arrest compared to 2009,"New felon and parole violator admissions per 1,000 adult felony arrests","New felon and parole violator admissions per 1,000 felonies as a percent of the state average (=100%)","Male new felon and parole violator admissions per 1,000 male felony arrests","Female new felon and parole violator admissions per 1,000 female felony arrests","White, not Latino, new felon and parole violator admissions per 1,000 white felony arrests","Latino new felon and parole violator admissions per 1,000 latino felony arrests","Black new felon and parole violator admissions per 1,000 black felony arrests","Asian/other new felon and parole violator admissions per 1,000 asian/other felony arrests","New felony and parole violator admissions for violent offenses per 1,000 violent felony arrests","New felony and parole violator admissions for propery offenses per 1,000 property felony arrests","New felony and parole violator admission for drug offenses per 1,000 drug felony arrests","New felon and parole violator admissions per 100,000 population","Male new felon and parole violator admissions per 100,000 male population","Female new felon and parole violator admissions per 100,000 female population","White, not Latino, new felon and parole violator admissions per 100,000 whites","Latino new felon and parole violator admissions per 100,000 Latinos","Black new felon and parole violator admissions per 100,000 African Americans","Asian/other new felon and parole violator admissions per 100,000 Asian/other population","New felony and parole violator admissions for violent offenses per 100,000 population","New felony and parole violator admissions for propery offenses per 100,000 population","New felony and parole violator admission for drug offenses per 100,000 population",Percent of jail population that is unsentenced,"County jail populations per 1,000 adult felony arrests","County jail incarceration rate per 1,000 felony arrests as a percent of the state average (=100%)","Men jailed per 1,000 male felony arrests","Women jailed per 1,000 female felony arrests","County jail populations per 100,000 population age 18-69","Men jailed per 100,000 males age 18-69","Women jailed per 100,000 females age 18-69",Total adult population incarcerated,"Total adult incarceration rate per 1,000 adult felony arrests",Total adult incarceration rate as a percent of the state average (=100%),"Total adult male incarceration rate per 1,000 adult male felony arrests","Total adult female incarceration rate per 1,000 adult female felony arrests","Total adult male incarceration rate per 100,000 males age 18-69","Total adult female incarceration rate per 100,000 females age 18-69",Percent of incarcerated adult population held locally,"Total incarcerated (state prison + local jails), adult males","Total incarcerated (state prison + local jails), adult females","Part I crime rate per 100,000 population (offenses reported to police)","Violent crime rate per 100,000 population","Property crime rate per 100,000 population","Adult felony arrest rate per 100,000 population age 18-69",Violent crime arrest rate,Property crime arrest rate,Drug offense arrest rate,Male felony arrest rate,Female felony arrest rate,"White, not Latino, felony arrest rate",Latino felony arrest rate,African American felony arrest rate,Asian/other felony arrest rate,"Percent of adults ages 18-64 living in households with incomes below poverty guidelines, 2010 Census",Adult poverty rate as percent of state adult poverty rate
Alameda,303.55184341516934,0.8949689664012954,4020.2511316875,-422.2511316875002,202.920004,-23.81411932491164,17119.716864928723,-2009.1216843762413,368.69491345439127,51.724137931034484,126.3051532502526,227.38095238095246,456.8653589792421,225.5166217430369,1076.2316910785619,77.83251231527095,14.076576576576576,333.96388586194803,654.9771047519062,23.023491083120778,99.93497564251527,244.06762334359863,1797.178751488909,75.18121368238184,300.0848368514947,21.9981770287053,4.640965617870316,1.0210124359314696,0.278457937072219,58.01207022337896,12.437787855892449,45.57428236748651,0.06894385772164413,57.62254281616472,0.6671656403004338,70.72316024211537,6.9786535303776684,23.576961940047152,60.31746031746034,78.46124547705199,44.025157232704416,156.7909454061252,33.825944170771756,6.193693693693694,63.39559034010853,125.63788933317092,3.1063440350242315,18.65452878660285,64.74394196898254,308.64428745870384,14.67681063919008,43.71789612033838,9.560389172812853,2.0420248718629392,0.6929637526652452,276.9762929216234,1.3800723855878858,319.6347031963473,112.06896551724138,304.725802469365,567.8228932324992,49.88423068009502,6881.0,580.5281363367927,1.0753054721935318,688.3296166507386,163.79310344827584,1222.7999979844053,72.90772176321579,0.47711088504577825,6482.0,399.0,3325.739253467521,772.985084031839,2552.754169435682,1100.1873093723366,278.82921432164864,282.6348061283023,329.6941974935073,1776.4744802559605,445.1208276070017,791.2185138203411,1073.386406327868,3933.7163918583838,333.37327023303175,0.10808363413811624,0.869510509142086
Alpine,90.9090909090909,0.26802938902305695,7.461868294703877,-5.461868294703877,0.112796,-0.3080384480847093,5127.090909090908,-14001.747640214056,100.0,0.0,66.66666666666667,0.0,****,200.0,400.0,0.0,0.0,256.73940949935815,483.3274163829891,0.0,166.38935108153078,0.0,****,699.3006993006993,256.73940949935815,0.0,0.0,0.0,0.0,0.0,0.0,0.0,-0.5454545454545454,0.0,0.0,0.0,0.0,0.0,0.0,****,0.0,0.0,0.0,0.0,0.0,0.0,0.0,0.0,0.0,****,0.0,0.0,0.0,0.0,0.0,0.0,0.0,0.0,0.0,0.0,0.0,0.0,2.0,90.9090909090909,0.16838984505304364,100.0,0.0,483.3274163829891,0.0,0.0,2.0,0.0,3616.6365280289333,723.3273056057865,2893.3092224231464,2824.1335044929397,641.8485237483955,1026.9576379974326,898.5879332477535,4833.274163829891,547.6423804758018,2495.8402662229614,5714.285714285714,****,3496.5034965034965,0.14342629482071714,1.1538349133834764
Amador,273.9130434782608,0.8075842025781671,156.02088252562652,-30.02088252562652,7.106148,-1.6931177326802844,15448.147826086957,-3680.6907232180074,390.4761904761905,20.689655172413794,242.77456647398841,241.9354838709678,400.0,629.6296296296294,817.2043010752689,293.10344827586204,146.55172413793102,495.88728403321653,859.0065206389129,27.05107289376007,426.4825345247766,429.18454935622316,1133.7868480725624,1272.4550898203593,299.10661576606714,66.90542721083081,66.90542721083081,55.098587114801845,3.9356133653429892,212.52312172852137,51.16297374945885,161.36014797906253,-0.447972972972973,100.0,1.15782054677614,133.33333333333334,27.586206896551722,98.26589595375721,80.64516129032259,80.0,185.18518518518513,268.81720430107526,120.6896551724138,51.724137931034484,181.03821480577747,293.3192997303605,36.0680971916801,172.62388302193338,143.0615164520744,226.75736961451247,374.251497005988,98.39033413357471,27.549293557400922,23.613680192057934,0.5476190476190477,182.6086956521739,0.9098728832691128,225.3968253968254,89.6551724137931,330.5915226888111,495.8492924013237,117.2213158729603,210.0,456.52173913043475,0.8456098740707191,615.8730158730159,110.34482758620689,1354.8558130402364,144.2723887667204,0.4,194.0,16.0,1639.6589070768555,356.4475884949686,1283.2113185818866,1810.3821480577747,366.01204297689793,228.26557518989335,456.5311503797867,2199.8947479777034,1307.4685231984035,1756.7018683996753,1773.962804005722,2834.4671201814062,2020.958083832336,0.08854038641168084,0.7122891183514328
Butte,356.56836461126,1.0512788100287729,885.5880962487194,45.41190375128065,52.506538,2.561140547764726,20109.74262734584,980.9040780408759,455.4865424430642,75.11045655375547,301.5488867376572,519.8555956678701,771.8120805369127,411.7647058823529,925.3968253968254,232.47863247863248,122.0,617.0221226621424,1161.2891674445798,67.90208804459073,548.7101348435339,675.3271115696666,4969.749351771824,357.4033552151714,386.3844226767228,90.13427355752025,80.85574539718728,39.10236867568893,5.302016091618838,100.07555372930557,27.8355844809989,72.23996924830666,-0.4727370499288506,120.64343163538872,1.3968344398103565,149.58592132505174,38.29160530191455,104.5498547918683,148.01444043321303,268.4563758389262,151.26050420168067,234.9206349206349,90.59829059829059,55.0,208.76688360749176,381.37791976304953,34.61675076783056,190.24300020257357,192.28063593303006,1728.6084701815041,131.2910284463895,98.0872976949485,35.1258566069748,36.45136062987952,0.7537942664418212,227.11604749138257,1.1316368710134257,274.3271221532091,92.7835051546391,393.0119427912463,699.4127940291219,83.8790499374356,1524.0,583.6844121026426,1.0811518048522493,729.8136645962733,167.89396170839456,1860.7019614737017,151.7811379820263,0.38910761154855644,1410.0,114.0,1892.2806890561662,309.42385639837886,1582.8568326577877,1730.4455019020986,417.5337672149835,387.70992669962754,662.7520114523547,2549.5575812533275,904.0297604368067,1819.6390667523942,1299.0667354499833,6439.066551426102,867.9795769511306,0.1995118390101098,1.6050315304523675
Calaveras,174.81203007518798,0.5154023777642618,180.44154239920286,-87.44154239920286,5.245014,-4.931528108230243,9859.048872180452,-9269.789677124512,230.36649214659684,33.333333333333336,150.65502183406116,369.56521739130443,111.1111111111111,315.7894736842105,375.83892617449663,120.0,60.0,307.6617705438666,581.6417568002685,33.11606490816279,271.4718495495141,566.47784071976,421.94092827004215,381.4367450731087,185.25870054254335,39.69829297340214,29.773719730051607,13.232764324467382,0.0,56.239248378986375,3.3081910811168456,52.93105729786953,-0.3474688877365828,69.54887218045113,0.805251132156338,91.62303664921465,13.333333333333334,67.68558951965066,108.69565217391309,0.0,52.63157894736842,60.40268456375839,50.0,46.66666666666667,122.40307000132329,231.33478963647042,13.246425963265114,121.96561356572373,166.61112962345885,0.0,63.57279084551812,29.773719730051607,16.540955405584228,23.15733756781792,0.5362318840579711,129.69924812030075,0.6462443008181534,154.4502617801047,66.66666666666667,228.2651845970623,389.96435967290734,66.23212981632558,162.0,304.5112781954887,0.5640426764746688,384.81675392670155,100.0,971.6061164731758,99.34819472448837,0.42592592592592593,147.0,15.0,1729.3084955016084,221.08880765273733,1508.2196878488712,1759.9576551541616,492.92047108641,330.8191081116845,496.2286621675268,2524.8539897466203,993.4819472448836,1801.943581067789,1532.8223925358209,3797.46835443038,1207.8830260648442,0.08528908779973074,0.686133092658985
Colusa,189.60244648318042,0.5590093067698007,110.91049692582581,-48.91049692582581,3.496676,-2.758454205622724,10693.19877675841,-8435.639772546554,238.4937238493724,56.81818181818181,166.6666666666666,252.25225225225222,119.99999999999999,117.6470588235294,821.4285714285714,229.16666666666666,25.0,452.3896388179497,808.2899665170498,75.15321552014954,506.90438734486975,381.0560696788242,2631.578947368421,383.1417624521073,335.6439255746078,80.26267785479752,14.59321415541773,0.0,0.0,58.37285662167092,21.889821233126597,36.48303538854432,-0.4356020197709979,42.813455657492355,0.4957029863873383,50.2092050209205,22.727272727272727,40.22988505747125,54.054054054054056,39.99999999999999,0.0,160.71428571428572,41.666666666666664,12.5,102.15249908792411,170.16630874043156,30.061286208059816,122.35623142807202,81.65487207403375,877.1929824561403,0.0,65.66946369937979,14.59321415541773,7.296607077708865,0.6721311475409836,186.54434250764527,0.9294827837677045,209.20502092050208,125.0,445.0930317402408,709.0262864184648,165.337074144329,123.0,376.1467889908257,0.6967322946690154,447.69874476987445,181.8181818181818,1517.3162529355145,240.49028966447852,0.4959349593495935,107.0,16.0,1900.1490312965718,214.23248882265267,1685.9165424739194,2385.990514410799,408.60999635169645,350.23713973002555,583.7285662167092,3389.1456490802616,1322.696593154632,3041.4263240692194,1510.6151333696243,21929.82456140351,3256.7049808429115,0.1183196821020193,0.9518574004884921
Contra Costa,170.84942084942085,0.5037193247373474,3513.861615142371,-1743.8616151423712,99.82446,-98.35030737079946,9635.565637065636,-9493.272912239328,209.9670208867717,23.469857340082832,110.45218680504077,175.4042136207741,231.82441700960226,191.38755980861254,679.6733212341198,51.27334465195246,17.8125,245.72071134063555,488.2506218602258,13.8490346070404,126.55826634994068,211.95346496551315,1310.2806636687858,89.72767650181699,207.96024044535145,20.962614357308453,7.913039856732331,0.8329515638665612,0.13882526064442685,44.285258145572165,11.52249663348743,32.76276151208474,-0.0909165013181491,36.87258687258687,0.42691838693869255,45.193599609136434,5.522319374137138,27.18062762540153,41.646251837334624,44.9931412894376,36.68261562998406,109.34664246823957,26.825127334465197,5.0,53.031249566171056,105.0917568867269,3.2585963781271525,31.144092390365714,50.32414670968888,254.30299271204836,17.197804662848256,33.45688781530688,10.967195590909721,2.2212041703108296,0.7856650585802895,140.05791505791507,0.6978577802293644,156.3454256748504,78.6930510814542,201.43545319506336,363.56067247300115,46.43499838831193,3221.0,310.9073359073359,0.5758900193121996,366.3124465616221,102.16290842153705,851.8112943332269,60.28403299535233,0.45048121701334987,2999.0,222.0,2503.068884178954,409.77667498436324,2093.2922091945907,1438.2297002762623,305.9708744603168,408.84039259783714,444.24083406216596,2325.36814495036,590.0774941391919,1145.8194718528187,1208.3715698173532,5652.039075825707,468.8271097219936,0.08506774974183849,0.6843524737064017
Del Norte,293.18181818181813,0.8643947795993585,149.23736589407756,-20.237365894077556,7.275342,-1.141346961694186,16534.868181818183,-2593.9703674867815,382.44514106583074,57.85123966942149,256.9832402234636,434.7826086956522,888.8888888888888,380.0,565.2173913043478,285.7142857142857,102.94117647058823,649.2526045598671,1049.8530323868147,84.8657064662227,724.466493424679,267.5227394328518,723.9819004524887,816.5019338203695,392.5713422920127,100.65931853641351,70.46152297548946,15.098897780462027,10.065931853641352,90.59338668277216,35.23076148774473,55.362625195027434,-0.22654892877822796,111.36363636363636,1.2893910634552468,141.06583072100312,33.057851239669425,97.76536312849159,86.95652173913044,111.1111111111111,220.0,130.43478260869566,185.71428571428572,58.8235294117647,246.61533041421308,387.2408726016939,48.494689409270116,275.6122529333019,53.50454788657036,90.49773755656109,472.7116458960034,90.59338668277216,65.42855704866878,40.26372741456541,0.5217391304347826,209.09090909090907,1.0418241455613866,235.10971786833858,140.49586776859505,463.03286526750213,645.4014543361566,206.10242998939796,221.0,502.2727272727273,0.9303538939180661,617.5548589341693,198.34710743801654,1695.2544867229713,290.96813645562065,0.416289592760181,197.0,24.0,2266.179467359988,544.5857634741059,1721.593703885882,2214.5050078010972,694.5492979012532,352.3076148774473,684.4833660476119,2745.1075191097857,1466.964354630421,2819.1196157177737,615.3023006955591,814.4796380090498,2148.6892995272883,0.21115800580321814,1.6987225364828369
El Dorado,221.8410520297313,0.6540591379933717,593.2185294289582,-205.21852942895816,21.882424,-11.573914622734383,12511.391652372784,-6617.446896932181,279.05198776758414,52.15419501133787,203.84351407000685,282.4858757062147,306.45161290322574,415.0943396226415,595.0226244343892,192.92604501607715,71.83364839319471,315.7243758747518,592.2486053127022,37.543373583731245,300.4765132583997,350.45910142286397,2161.547212741752,247.10771650005617,214.00904859551474,48.82335709403378,30.921459492888065,14.647007128210136,0.0,81.37226182338964,13.83328450997624,67.53897731341341,-0.08289446402653944,75.47169811320754,0.8738268277555773,95.565749235474,15.873015873015872,67.9478380233356,96.045197740113,64.51612903225805,226.4150943396226,151.5837104072398,64.30868167202571,41.587901701323254,107.41138560687432,202.8248648331172,11.426244134179075,100.1588377527999,119.15609448377374,455.0625711035267,134.7860271818488,54.51941542167106,16.27445236467793,17.901897601145723,0.4839572192513369,213.8364779874214,1.0654695937652685,245.41284403669724,120.18140589569161,304.33225921947724,520.854252891445,86.51299130164156,762.0,435.67753001715266,0.8070003894994922,524.4648318042814,172.3356009070295,1113.1028582041472,124.05636488537282,0.49081364829396323,686.0,76.0,1285.2415980748724,242.82862533840142,1042.412972736471,1423.2008592910847,359.66539725938225,253.0677342707418,430.45926504573123,2122.3593856137386,719.8533804532817,1474.0548142002976,1240.6252190369385,7053.469852104666,595.3049533864989,0.07673371467447253,0.6173068832021698
Fresno,198.9915267453345,0.5866913506774903,6524.725472055386,-2696.7254720553856,215.891544,-152.0899231729796,11222.724125383376,-7906.114423921588,227.6214833759591,55.83281347473487,159.57007027697392,181.13312866313134,326.1126427727453,252.92529252925277,740.7812073204043,156.0917485850462,51.95638229634381,633.7695880000992,1196.092320902428,59.88059711528443,370.31351932153956,662.4882609938345,2701.997128312231,395.79137146640005,449.002905605086,86.7542487231066,40.23145503762386,24.171985331247257,1.6556154336470725,178.4753437471544,34.2712394764944,144.20410427066003,-0.5023278769465765,67.57810469407912,0.7824331812699392,75.54113904310398,27.76044915782907,52.91442744935923,70.89031537817466,85.46671918077986,58.505850585058475,189.83884184649003,71.19451891569854,25.016035920461835,215.23000637411943,396.9492465368156,29.773034319890023,122.79826547450018,259.278918786493,708.1320976373842,91.5531642182064,115.06527263847154,39.569208864165034,19.37070057367075,0.680759584378359,145.08499246244216,0.7229058832024368,157.00829642567527,85.46475358702432,462.0822675308979,825.0381944947687,91.66080228820074,6619.0,344.07651920777664,0.6373289093136691,384.6297798016343,141.2975670617592,2021.1305153971966,151.54139940348517,0.421664904064058,6166.0,453.0,3317.2777959295513,537.9483341940785,2779.329461735473,3184.9074097068733,606.1208102581932,555.7901010753222,774.3313383167358,5254.742668234261,1072.4982924670496,2320.69534517825,3657.46600792128,8285.471870512985,1564.8548530219596,0.19428528587627802,1.5629849901718202
Glenn,253.7313432835821,0.7480820260792784,136.34868429413447,-34.34868429413447,5.752596,-1.9371970968205958,14309.940298507461,-4818.898250797503,312.30283911671927,35.294117647058826,220.33898305084745,291.33858267716533,444.44444444444423,300.00000000000006,583.3333333333334,135.41666666666666,191.7808219178082,569.9597675458203,1084.5590801305812,34.215849172241704,514.4440047487138,558.8279716054976,3174.6031746031745,864.5533141210375,352.0339740724184,72.64193115780063,78.22977201609298,22.351363433169425,11.175681716584712,145.28386231560125,11.175681716584712,134.10818059901655,-0.18594527363184066,74.62686567164178,0.8640451841612985,91.4826498422713,11.76470588235294,59.32203389830509,94.48818897637794,111.11111111111106,100.00000000000001,138.88888888888889,41.666666666666664,68.4931506849315,167.6352257487707,317.69912448269554,11.405283057413902,138.50415512465375,181.24150430448574,793.6507936507936,288.1844380403458,83.81761287438535,22.351363433169425,27.939204291461778,0.7415730337078652,221.39303482587064,1.1031211751077197,242.90220820189273,141.1764705882353,497.31783638801966,843.5459512126744,136.86339668896682,191.0,475.1243781094527,0.8800673245185191,555.205047318612,176.47058823529412,1928.1050313432554,171.07924586120853,0.46596858638743455,176.0,15.0,1929.9118566960492,277.22490759169744,1652.6869491043517,2246.312025033527,603.4868126955744,536.4327223960662,407.912382655342,3472.780084862568,969.4490598801815,2334.784329244163,1918.139253889141,7142.857142857145,2881.8443804034573,0.16606674394484777,1.3359726496107034
Humboldt,169.26973406500633,0.49906189741692875,803.5075450069766,-402.50754500697656,22.615598,-22.700620523303463,9546.474461798225,-9582.36408750674,214.4063027574564,33.78378378378378,135.77023498694513,198.7951807228916,244.18604651162795,430.69306930693057,658.008658008658,93.02325581395348,42.857142857142854,417.3170985534395,775.5263788677436,42.58755394523376,343.4655675768504,368.38580040187543,1837.270341207349,845.4810495626823,316.37006972629825,41.6276407534603,37.46487667811427,12.488292226038089,4.16276407534603,50.99385992298886,6.2441461130190445,44.74971380996982,-0.4066278471350837,55.297593921485856,0.6402469042957971,66.96679797411367,20.27027027027027,42.81984334203654,42.168674698795186,93.0232558139535,168.31683168316826,164.5021645021645,53.48837209302326,16.666666666666668,136.33052346758248,242.22477450199864,25.552532367140255,108.3237559280836,78.14244250948872,699.912510936133,330.41788143828956,79.09251743157456,23.935893433239674,14.569674263711105,0.6693766937669376,155.76192486281133,0.7761051639535429,179.5160382667417,84.45945945945945,384.01498595067125,649.3252358498956,106.46888486308438,770.0,325.03165892781766,0.6020523375260783,393.9223410241981,118.24324324324324,1424.8516147176392,149.05643880831815,0.4792207792207792,700.0,70.0,2204.331422120554,288.91001455690576,1915.4214075636487,2465.397023623686,480.7992507024664,447.4971380996982,874.1804558226662,3617.0875990760637,1260.5915967789192,2529.7560073448794,1853.0922080821608,7524.059492563429,1963.0709426627798,0.19115029930431968,1.5377646708138148
Imperial,122.06216830932524,0.3598787323425579,894.7458437013104,-572.7458437013104,18.160156,-32.3017200930665,6884.062168309326,-12244.776380995638,148.53857211308096,21.77858439201452,93.06930693069307,119.28533893851818,203.9473684210526,217.94871794871798,375.67084078711986,62.4113475177305,55.30474040632055,282.0528542522533,519.8390274086664,22.00657612641183,283.576686376252,252.1465782487476,638.2540662960675,628.4658040665433,183.9475136427739,38.54138381086692,42.92108651664725,16.642870281965262,0.8759405411560662,53.432373010520045,12.263167576184928,41.16920543433512,-0.29378316906747537,39.04473085670963,0.4520679162924277,47.91566842357451,5.44464609800363,35.64356435643564,34.68208092485551,65.7894736842105,115.3846153846154,82.28980322003578,28.368794326241133,24.830699774266364,90.22187573907483,167.69000884150532,5.501644031602957,108.60383733558585,73.31133993135393,205.88840848260242,332.7171903881701,40.29326489317905,17.518810823121328,19.27069190543346,0.6512096774193549,188.02122820318422,0.9368415694008844,213.22472448490657,92.5589836660617,434.46650841340886,746.2205393446986,93.52794853725027,818.0,310.08339651250947,0.5743638460148925,361.76329659798756,114.33756805807623,1266.0595667533653,115.5345246636621,0.6063569682151589,755.0,63.0,2118.3587349329996,280.57731588516526,1837.7814190478343,2310.731147569703,489.6507625062411,617.5380815150268,776.0833194642748,3499.6904845222157,1010.4686204710764,3046.9409919150476,2113.810301354037,3129.5038089355576,2883.54898336414,0.18969598464106116,1.5260650097745978
Inyo,201.79372197309416,0.5949531281005076,75.63621044177111,-30.636210441771112,2.53791,-1.7278209964950073,11380.762331838567,-7748.076217466398,241.3793103448276,61.224489795918366,213.11475409836066,131.57894736842104,****,190.47619047619048,500.0,95.23809523809523,59.701492537313435,363.0496167809601,657.7823720340389,49.9175573137615,310.0405437634152,224.11474675033617,2352.9411764705883,708.8009450679267,290.43969342476805,32.27107704719645,32.27107704719645,0.0,0.0,40.338846308995564,8.067769261799112,32.27107704719645,-0.5730469671937692,26.90582959641256,0.31152122334784044,34.48275862068965,0.0,24.590163934426233,26.31578947368421,****,31.74603174603175,27.777777777777775,71.42857142857143,14.925373134328359,48.40661557079468,93.96891029057699,0.0,35.77390889577868,44.82294935006723,0.0,118.13349084465446,16.135538523598225,24.20330778539734,8.067769261799112,0.5068493150684932,327.3542600896861,1.6310875197617343,367.81609195402297,183.67346938775512,588.9471561113352,1002.3350430994877,149.75267194128446,118.0,529.1479820627802,0.980134613806505,609.1954022988506,244.89795918367346,1660.1174151335267,199.670229255046,0.6186440677966102,106.0,12.0,1343.630977570885,439.0605162928481,904.5704612780368,1799.112545381202,580.8793868495361,338.8463089955627,540.5405405405405,2725.0983984267323,815.3201027914378,1454.8056284283327,1703.2720753025549,0.0,3721.204961606615,0.11662870159453304,0.9382538116219774
Kern,265.15966989594546,0.781776427473423,4726.415213031751,-1031.4152130317507,208.39061,-58.16975518456467,14954.475062791533,-4174.363486513432,315.94900597307657,55.55555555555555,196.60641829583176,270.85346215781,417.71539206195575,354.43037974683534,594.2701227830833,162.32570376216785,142.74193548387095,671.4775595652387,1225.7769851830358,57.81978947164749,471.9884172448451,648.8071129626416,2824.9697207764575,242.55024255024253,395.79922184928006,112.12494025757843,96.49650450044432,48.339115248810145,2.544163960463692,251.87223208590552,73.05385086474315,178.81838122116235,-0.2820500167472495,89.77395048439182,1.0394212443609265,105.73237050904876,23.914643119941132,70.0848395426042,98.06763285024155,117.13455953533405,84.38818565400841,140.2455661664393,73.66482504604052,49.46236559139785,227.3392224671485,410.20640644104975,24.88931334872243,168.25103053756206,234.9129202106116,792.1699564633866,57.75005775005775,93.4071625484527,50.88327920927384,33.437583480379956,0.7824913227921326,186.07822030857554,0.9271602659505292,204.95676205759116,108.16777041942605,471.21551067731093,795.1640205800787,112.57627883883683,6288.0,451.23789020452097,0.8358226625496176,520.9057680306677,163.7233259749816,2020.9410057631144,170.39606831048434,0.41237277353689566,5843.0,445.0,3353.9184520987283,581.1169684753381,2772.8014836233897,2532.3517706472535,666.0257796499594,690.7405152658923,676.0207094946381,3879.667167832424,1040.756210489655,2400.6765462491094,2395.417462246138,6762.905496088248,684.3381843381846,0.17941685787263517,1.4433715583448576
Kings,543.3729634522238,1.6020391574632213,770.2683135123865,463.7316864876135,69.595132,26.153539654528426,30645.148392778516,11516.309843473551,690.364277320799,103.69068541300527,402.4725274725274,558.119658119658,877.4703557312254,550.0,1437.3831775700933,421.3333333333333,302.56410256410254,1215.5000886507357,1929.2741242711593,145.25485023733532,770.8092181416395,1366.9667155118275,2414.618229279965,1008.249312557287,757.4712870116822,155.63129173972143,174.34644707551072,78.80065404542857,2.9550245267035717,430.4485727231536,134.94612005279643,295.5024526703572,-0.5539028865981102,172.61118450022016,1.9985277601772211,213.86603995299646,49.209138840070295,127.74725274725273,189.7435897435897,221.34387351778656,175.0,377.5700934579439,154.66666666666669,105.98290598290598,386.12320482260003,597.6644946678315,68.93450519737947,244.659581184889,464.7268159933013,609.0928866652165,320.80659945004584,198.97165146470715,57.13047418293572,61.07050688520715,0.5417515274949084,216.2043152796125,1.0772676679832769,241.48061104582843,140.59753954305802,483.6390142038179,674.8354596386778,196.95572913536992,1725.0,759.5772787318363,1.4069561029861308,931.8448883666275,244.2882249560633,2604.109583909837,342.2105793727052,0.2846376811594203,1586.0,139.0,1736.3553125704962,508.89741105906376,1227.4579015114323,2236.9535667146038,526.9793739288036,369.37806583794645,576.2297827071965,2794.5740931995856,1400.8476234753184,1915.184678522572,2449.2359221268584,2751.7946486839246,1833.180568285976,0.1597964188448125,1.2855291794804242
Lake,261.28472222222223,0.7703518290410951,390.7305579772212,-89.73055797722122,16.975798,-5.060624008799323,14735.93576388889,-4392.902785416074,324.41471571906357,39.21568627450981,216.74311926605503,250.0,530.3030303030303,629.032258064516,602.4464831804281,248.48484848484847,81.21827411167511,689.8764639820312,1321.0019403447711,46.29143940167629,571.1177590426979,550.3258508327299,4358.65504358655,1378.0918727915196,451.51383190850544,93.96988379821687,73.3423483303156,25.211432238545985,2.2919483853223626,153.5605418165983,29.795329009190713,123.76521280740758,-0.4076858524267061,80.72916666666667,0.9346988789078214,99.21962095875139,15.686274509803921,64.22018348623853,85.52631578947368,136.36363636363635,241.93548387096772,159.02140672782875,66.66666666666667,35.53299492385787,213.15119983497974,404.017775569363,18.516575760670516,169.22007675339194,188.2693700217234,1120.7970112079702,530.035335689046,119.18131603676285,25.211432238545985,32.08727739451307,0.5563139931740614,254.3402777777778,1.267285334067161,284.2809364548495,149.01960784313727,671.5408768994522,1157.579019889748,175.9074697263699,594.0,515.625,0.9550861524102319,608.6956521739131,188.23529411764704,2478.580960234519,222.1989091280462,0.49326599326599324,546.0,48.0,2503.3388203869927,583.905332794981,1919.4334875920117,2640.324539891362,749.4671220004126,378.17148357818985,903.0276638170109,4071.9544346709954,1180.4317047427455,2634.998338017104,2201.3034033309195,8219.17808219178,2190.812720848057,0.19349293100351525,1.5566106589020485
Lassen,328.40236686390534,0.9682363431868419,114.64143107317774,-3.641431073177742,6.260178,-0.2053694296650783,18521.23668639053,-607.6018629144346,415.32258064516134,88.88888888888889,245.48736462093862,758.6206896551723,714.2857142857144,611.1111111111112,660.377358490566,220.77922077922076,164.17910447761193,433.17073170731703,588.2039755361114,98.5941984402681,411.12454655380895,483.5164835164835,340.02040122407345,690.0878293601004,273.17073170731703,66.34146341463415,42.926829268292686,15.609756097560975,0.0,132.6829268292683,58.536585365853654,74.14634146341464,-0.48956123702132404,76.92307692307693,0.8906311898278002,96.77419354838709,22.22222222222222,64.98194945848375,206.89655172413794,71.42857142857144,55.55555555555555,84.90566037735849,77.92207792207792,89.55223880597015,101.46341463414635,137.05723701812306,24.648549610067025,108.82708585247885,131.86813186813185,34.002040122407344,62.73525721455457,35.12195121951219,23.414634146341463,23.414634146341463,0.4344262295081967,360.94674556213016,1.798466688118576,403.22580645161287,244.44444444444443,476.0975609756098,571.071820908846,271.1340457107373,233.0,689.3491124260355,1.276873292517606,818.5483870967743,333.3333333333333,1159.2757964449575,369.7282441510054,0.5236051502145923,203.0,30.0,1294.265683983461,395.4700701060581,898.7956138774028,1319.0243902439024,413.6585365853659,300.4878048780488,261.4634146341464,1416.258115853938,1109.1847324530163,1674.7279322853688,637.3626373626374,476.02856171370274,1129.2346298619825,0.13978779840848807,1.124563961373608
Los Angeles,444.41138930740885,1.3102684446604798,35343.13917786497,10965.86082213503,2611.734982,618.4526186467714,25063.913534159245,5935.07498485428,532.489126112991,99.68876733000094,243.0391694195372,414.81364870715095,648.6387184480283,487.14343109682613,1218.1514476614698,236.19679812573213,133.36992316136116,681.0017868778666,1308.8959618257904,61.747520870657546,263.49854436241026,667.6819148154436,3139.0971761639144,215.34958564075603,482.59378608846976,88.95419483953907,64.32230917972292,25.9112731537887,2.9117094690409546,226.12806315880184,47.660860551321896,178.46720260747995,-0.11270941436862825,101.82048501482667,1.178898496328784,118.61874525585239,36.07469584079978,67.43747050495507,100.24007241528591,134.91567770143646,83.3668139815187,172.75426874536006,99.33619679812574,53.32967435053055,156.026451851134,291.5732717315286,22.344774581860467,73.1144504648319,161.34590484202417,652.9265226506114,36.85364042924279,68.43987812584143,37.41105499616258,25.72010030986177,0.5425250633469207,174.2176328896478,0.8680632616507963,189.44058218971733,114.63736678298595,266.9655237422702,465.6583597191289,71.00672811568992,64463.0,618.6290221970568,1.1458792971238612,721.9297083027083,214.3261341129869,1774.5543215449193,132.75424898634748,0.2816189131749996,59918.0,4545.0,1962.1054977103668,448.022736178499,1514.0827615318676,1532.3679889013893,396.1689550301178,376.6105025360548,482.28496841751087,2458.0707804877325,619.4029931803046,1084.1813893280546,1609.5948551751053,4839.515568350138,442.06607724523025,0.1378067676483005,1.1086269781415705
Madera,306.92488262910797,0.9049137764375861,577.955617007973,-54.955617007973046,29.496154,-3.0993868880156636,17309.94953051643,-1818.8890187885336,334.7670250896057,181.22977346278319,273.9463601532567,275.2752752752752,599.9999999999999,509.43396226415103,882.793017456359,170.2127659574468,159.45330296127563,535.3505368859591,1004.1195880109807,109.40791753935996,376.2563805714887,536.8262830148165,1898.73417721519,620.4044117647059,362.3596368214713,65.51134676998352,71.65303552966948,34.80290297155375,1.0236147932809925,192.4395811368266,45.03905090436367,147.4005302324629,-0.4674023522578771,107.98122065727699,1.2502287594296349,120.43010752688173,51.77993527508091,105.3639846743295,109.10910910910908,84.6153846153846,169.811320754717,239.4014962593516,103.72340425531915,43.28018223234624,188.3451219637026,361.22503380266545,31.2594050112457,144.71399252749566,212.77841763132724,267.7702044790652,206.8014705882353,98.26702015497527,39.920976937958706,19.448681072338857,0.767337807606264,262.32394366197184,1.3070650448370429,279.5698924731183,184.46601941747574,457.5558125966037,838.558114184759,111.3616303525628,970.0,569.2488262910798,1.0544129382136007,614.336917562724,365.69579288025886,1842.67770219574,220.76954789192277,0.4608247422680412,857.0,113.0,2534.2135347487924,617.1982898188716,1917.0152449299208,1744.2396077508113,410.469532105678,384.8791622736532,449.3668942503557,2999.457869968561,603.6972592796825,1373.4673472609588,1950.1434790247338,3164.5569620253173,1217.830882352941,0.16214105043892277,1.304391256310116
Marin,202.8898254063817,0.598184795369339,563.3710562501427,-226.37105625014271,19.006126,-12.76687483039555,11442.580373269115,-7686.25817603585,254.871395167576,26.455026455026452,166.84723726977245,199.43019943019942,291.1392405063289,295.7746478873239,487.9120879120879,142.85714285714286,44.35483870967742,193.7984496124031,379.33216076567004,11.404086255889412,123.1497549000008,248.6501847115658,1601.950200243775,140.5058209554396,127.66544751914982,35.079244588595216,12.651530835231062,6.325765417615531,0.0,68.43328042693166,27.028270420720908,41.40501000621075,-0.32630277755899995,49.367850692354004,0.5715911188178416,58.456742010911924,18.51851851851852,39.003250270855894,59.82905982905983,66.45569620253161,56.33802816901407,94.5054945054945,37.47072599531616,6.048387096774193,47.15570584040669,87.00278916643809,7.982860379122589,28.78825439220798,74.59505541346974,365.66254570781825,26.763013515321823,24.72799208704253,9.2011133347135,1.7252087502587814,0.7430830039525692,152.31788079470198,0.7589447417996856,169.91426344505066,92.59259259259258,145.49260460515723,252.8881071771134,39.914301895612944,590.0,355.2077062010837,0.6579470766973228,424.78565861262666,119.04761904761904,632.2202679427835,51.31838815150236,0.4288135593220339,545.0,45.0,1451.2325239870709,192.92022158265442,1258.3123024044162,955.1905780599452,261.6566604559152,245.55471212016653,285.2345133761185,1488.3277133405343,431.0744604726198,738.098855666888,1246.8030690537084,5502.350687793839,475.0434898969625,0.07147050093988062,0.5749654159617124
Mariposa,265.9574468085106,0.78412853171639,63.765056336560406,-13.765056336560406,2.8199,-0.7763216472693337,14999.468085106384,-4129.3704641985805,374.0458015267176,17.543859649122805,275.8620689655172,120.0,333.3333333333333,400.0,564.5161290322582,291.6666666666667,19.607843137254903,412.26912928759896,792.6265542193943,16.817966985146086,394.47731755424064,281.9548872180451,1000.0,728.1553398058253,288.5883905013193,57.71767810026385,8.245382585751978,8.245382585751978,0.0,140.17150395778364,49.47229551451188,90.69920844327177,-0.3726132024004365,58.51063829787234,0.6774481922626352,83.96946564885496,0.0,48.275862068965516,80.0,0.0,133.33333333333337,64.51612903225806,125.0,19.607843137254903,90.69920844327177,177.93657339619057,0.0,69.03353057199212,187.96992481203006,0.0,242.71844660194174,32.98153034300791,24.73614775725594,8.245382585751978,0.4358974358974359,207.4468085106383,1.0336321888201547,259.5419847328244,87.71929824561403,321.56992084432716,549.985772315498,84.08983492573043,89.0,473.40425531914894,0.8768811612070729,633.587786259542,105.26315789473684,1342.6123265348924,100.90780191087651,0.43820224719101125,83.0,6.0,1383.3669190131259,386.6891781493383,996.6777408637877,1550.131926121372,511.2137203166227,197.8891820580475,420.51451187335095,2119.06282862736,958.624118153327,1429.9802761341223,2349.624060150376,3000.0,1820.388349514563,0.1256362175194214,1.0107174164999067
Mendocino,217.42112482853224,0.6410277637334703,494.51836243992057,-177.51836243992057,17.878166,-10.01168060488664,12262.116598079561,-6866.721951225403,267.79359430604984,47.90419161676647,179.38931297709928,282.05128205128216,367.3469387755103,337.3493975903615,612.9032258064516,72.20216606498195,58.36575875486381,526.4381559718347,984.3816394624727,53.983968886101565,440.4151146719141,445.01982361032447,4118.993135011441,1183.1819142193112,378.63690713431646,33.21376378371197,49.82064567556796,6.642752756742395,1.6606881891855987,71.40959213498073,6.642752756742395,64.76683937823834,-0.18550701698849847,72.0164609053498,0.8338213814231462,85.40925266903915,26.94610778443114,64.88549618320612,76.92307692307695,61.22448979591837,114.45783132530123,155.91397849462365,50.54151624548736,19.45525291828794,174.37225986448786,313.95560594151954,30.365982498432132,159.2990840302668,121.36904280281576,686.4988558352402,401.4367208958377,96.31991497276472,23.24963464859838,16.606881891855984,0.615686274509804,174.8971193415638,0.8714488961351733,197.50889679715303,98.80239520958084,423.47548824232763,726.0223387397639,111.34193582758448,572.0,392.318244170096,0.7266864918201307,465.30249110320284,146.7065868263473,1710.4039782022364,165.32590471368604,0.4458041958041958,523.0,49.0,1586.3517297443775,404.2091951946525,1182.142534549725,2421.283379832603,617.7760063770427,460.0106284044108,853.5937292413977,3675.896886231958,1126.9153504973701,2455.080000937053,1577.7975564366043,11212.814645308923,3507.289245721529,0.16358625757854126,1.316017649203046
Merced,247.56277695716398,0.7298950983794799,1148.1101898896648,-310.11018988966475,47.261524,-17.489594489397312,13962.045494830132,-5166.793054474832,299.9260355029586,39.647577092511014,185.43046357615896,253.82436260623226,318.7660668380463,402.2988505747127,713.064713064713,141.07365792759052,60.22845275181724,508.8965810408696,970.8212100700558,33.27890542056453,335.91554123534655,520.8514991919826,2107.051826677995,485.3022739877981,354.648691322038,68.62209267018886,35.22195906965446,12.752778283840406,0.6072751563733527,146.96058784235137,24.89828141130746,122.06230643104391,-0.22652212958282814,83.60413589364845,0.9679858633313076,99.11242603550296,22.026431718061676,64.33301797540209,86.685552407932,95.11568123393317,143.67816091954023,168.4981684981685,72.40948813982521,31.152647975077883,171.85886925365884,320.8139140552096,18.488280789202513,116.5421265510386,177.8800878936905,628.7170773152081,173.32224070992788,83.80397157952268,35.22195906965446,18.218254691200585,0.7344139650872819,236.92762186115215,1.1805243866344557,274.4082840236686,88.1057268722467,487.03467541142896,888.2235978692742,73.95312315681005,1640.0,484.4903988183161,0.8974158950537392,574.3343195266272,127.7533039647577,1859.04480793933,107.23202857737456,0.48902439024390243,1553.0,87.0,2883.606193164842,702.1320605833093,2181.474132581533,2055.626404323799,497.35835306977594,486.42740025505555,584.8059755875388,3236.8687447958455,839.367947829794,1811.5445259477617,2052.0153930219853,6610.025488530161,1206.322795341098,0.19028081316234383,1.5307698344167031
Modoc,74.8898678414097,0.22079954073705574,76.99291376808091,-59.99291376808091,0.958766,-3.383480350692227,4223.6387665198245,-14905.199782785141,107.38255033557047,12.82051282051282,49.180327868852466,136.36363636363635,999.9999999999998,190.47619047619045,183.09859154929578,32.25806451612903,47.61904761904761,274.0167633784655,514.1224246255164,32.342564437017415,180.25235329461245,372.20843672456573,1785.7142857142856,1146.1318051575931,209.54223081882657,16.118633139909736,32.23726627981947,16.118633139909736,0.0,64.47453255963894,0.0,64.47453255963894,-0.7463407702145801,13.215859030837004,0.1530159312920009,13.422818791946309,12.82051282051282,10.928961748633881,0.0,0.0,47.61904761904761,28.169014084507044,0.0,23.809523809523807,48.355899419729205,64.26530307818955,32.342564437017415,40.05607850991388,0.0,0.0,286.5329512893983,32.23726627981947,0.0,16.118633139909736,0.6206896551724138,127.7533039647577,0.6365483670447852,167.78523489932886,51.28205128205128,467.4403610573823,803.3162884773693,129.37025774806966,46.0,202.6431718061674,0.3753535753164761,275.1677852348993,64.1025641025641,1317.4387131028857,161.71282218508708,0.6304347826086957,41.0,5.0,1760.1526879440146,731.6297317357652,1028.5229562082493,3658.9297227595102,1144.4229529335912,499.67762733720184,676.9825918762089,4787.765079325121,2522.7200260873583,3665.1311836571194,2729.528535980149,1785.714285714286,6017.191977077364,0.1765033407572383,1.4199329150145856
Mono,204.30107526881721,0.6023456161916011,31.543352336702753,-12.543352336702753,1.071562,-0.7074199850853619,11522.172043010753,-7606.666506294212,240.0,55.55555555555555,99.99999999999997,692.3076923076923,0.0,428.5714285714286,375.0,200.0,0.0,182.30665899059682,321.17036664657104,20.757663509631833,92.7643784786642,368.2487725040917,0.0,744.4168734491315,115.14104778353484,38.380349261178274,0.0,0.0,0.0,67.16561120706199,19.190174630589137,47.975436576472845,-0.22580645161290325,32.25806451612903,0.3734904989600452,40.0,0.0,28.571428571428566,76.92307692307693,0.0,0.0,62.5,0.0,0.0,28.78526194588371,53.52839444109518,0.0,26.504108136761197,40.91653027823241,0.0,0.0,19.190174630589137,0.0,0.0,0.46153846153846156,279.5698924731183,1.3929953512414988,333.3333333333333,55.55555555555555,249.4722701976588,446.0699536757931,20.757663509631833,45.0,483.8709677419355,0.8962685301210387,573.3333333333334,111.1111111111111,767.2403203223641,41.515327019263665,0.5777777777777777,43.0,2.0,1418.9330180148845,306.04437643458294,1112.8886415803015,892.3431203223948,307.0427940894262,191.90174630589138,230.2820955670697,1338.2098610273792,373.63794317337295,927.6437847866422,531.9148936170212,10344.827586206897,1736.97270471464,0.12119035402770652,0.9749513631183434
Monterey,399.54337899543384,1.177983045363892,1337.0311280783035,237.96887192169652,88.82685,13.42096843863984,22533.447488584476,3404.608939279511,494.6166394779772,67.2748004561004,271.29629629629625,413.79310344827604,744.1077441077439,411.39240506329094,967.4008810572687,183.585313174946,154.13184772516252,563.6655798955697,1037.5728846464096,44.2574853725168,315.11136444296267,653.3289603148573,2562.31884057971,256.2788313685289,392.95543284148295,60.84009433793452,59.40856270645371,17.89414539351015,1.789414539351015,164.2682547124232,15.38896503841873,148.87928967400447,-0.13197594307244154,115.93099949264334,1.3422729322087672,140.6199021207178,29.646522234891695,78.7037037037037,117.1582883257167,212.12121212121207,170.886075949367,177.97356828193833,97.19222462203024,70.56638811513463,163.55248889668277,294.9827924027722,19.503298638736215,91.41455965068884,184.97868153492948,730.4347826086956,106.4542837992351,72.29234738978101,32.20946170831827,27.19910099813543,0.715622076707203,271.18214104515476,1.351202228802015,296.24796084828716,183.5803876852909,382.57682851324705,621.4486670573484,120.7704261860204,2644.0,670.7255200405887,1.2423770303203252,790.8646003262643,250.8551881413913,1659.0215517037582,165.02791155853723,0.40431164901664146,2424.0,220.0,2000.3036874297134,442.7193311284361,1557.5843563012775,1410.7744228243403,406.1971004326805,331.399572687808,385.43989177620864,2097.731458734331,657.8612656219865,1161.502640267576,1578.8783207609044,3443.478260869566,622.954697788117,0.12341853752672162,0.9928766390783916
Napa,192.57837492002557,0.5677833058575441,530.1318247555527,-229.13182475555266,16.975798,-12.92257665256366,10861.035188739603,-8267.803360565362,244.33249370277076,26.881720430107528,176.61097852028632,255.58312655086846,136.92946058091286,209.87654320987653,676.6666666666666,107.96915167095115,76.50273224043715,324.90312273998035,622.2066469695388,21.79885353529187,282.73411530967024,350.5070441706935,1802.2938285090113,187.2246696035242,219.12071068510303,45.33531945209028,30.223546301393522,8.635298943255291,2.158824735813823,96.06770074371512,22.66765972604514,73.40004101766999,-0.38142046972153376,55.02239283429303,0.6370605695633272,69.68933669185557,8.064516129032258,39.37947494033411,79.40446650124068,45.64315352697095,123.45679012345678,133.33333333333334,51.41388174807198,24.59016393442623,92.82946363999439,177.46787525248016,6.53965606058756,63.04206625148053,108.89539236371061,600.7646095030037,110.13215859030838,43.17649471627646,21.58824735813823,9.714711311162203,0.6980392156862745,163.14779270633397,0.8129062639571866,183.03946263643996,99.46236559139784,275.2501538162624,466.120443434225,80.65575808057991,556.0,355.72616762635954,0.6589074167270728,427.3719563392108,126.34408602150538,1088.3270904037638,102.45461161587177,0.45863309352517984,509.0,47.0,1497.4788454851055,351.3677987712994,1146.111046713806,1687.1215310385026,323.82371037207344,419.89141111578857,395.06492665392966,2546.557101514504,810.9173515128574,1600.8864096588093,1371.4013475804807,13162.206444565812,892.0704845814979,0.09860003010687943,0.7932168737970229
Nevada,132.78008298755188,0.3914786096934276,245.22412623049559,-149.22412623049559,5.414208,-8.41594227114749,7488.531120331951,-11640.307428973014,170.6422018348624,16.853932584269664,122.5114854517611,132.0754716981132,166.66666666666666,1399.9999999999998,455.12820512820514,71.03825136612022,10.79136690647482,143.77068575621882,280.6935777121951,8.917746749489254,139.87970345502868,116.56952539550376,790.5138339920948,210.65302437556426,106.33040300720351,19.468947029487968,4.492833929881838,0.0,1.497611309960613,38.937894058975935,8.985667859763677,29.95222619921226,-0.3573776735422054,33.19502074688797,0.3843387707140714,42.201834862385326,5.617977528089887,33.6906584992343,18.867924528301884,0.0,199.99999999999994,70.51282051282051,32.786885245901644,3.5971223021582737,35.942671439054706,69.4188417997902,2.972582249829751,38.46691845013289,16.65278934221482,0.0,30.09328919650918,16.473724409566742,8.985667859763677,1.497611309960613,0.770949720670391,247.5795297372061,1.2335989792593485,284.4036697247707,134.8314606741573,268.0724244829497,467.8226295203252,71.34197399591403,275.0,380.35961272475794,0.7045356587627344,455.04587155963304,151.68539325842698,748.5162072325204,80.25972074540329,0.6509090909090909,248.0,27.0,1435.778036476523,248.14655964708055,1187.6314768294426,1082.772977101523,233.6273643538556,274.06286972279213,416.3359441690504,1644.9247296037242,529.1196404696957,1141.7680794516716,882.5978351373856,4743.083003952569,150.4664459825459,0.09496275806908504,0.7639557716265551
Orange,311.25163541212385,0.9176704423913271,7777.301818070904,-640.3018180709041,402.512526,-36.11174193556285,17553.96973397296,-1574.8688153320036,390.0370054084828,53.3084808946878,182.4575112326626,408.83220910623965,571.6535433070875,343.32988624612204,997.8083283522614,169.84286191909058,73.25581395348837,341.1770104920177,658.4818852931413,27.20046683262654,200.00471103173737,573.105273189045,2009.3548476377628,149.23762945914845,239.4023355112827,48.568844424812944,30.11650786184267,13.480722566729577,0.5258437880639197,81.0755513233098,18.83476840883494,62.240782914474856,-0.2711574555349344,83.29699084169211,0.9644296748113509,101.28095644748078,24.417520969245107,59.19124829068176,105.50168634064084,142.51968503937033,63.081695966907965,174.5367603108189,73.88833166165162,40.81395348837209,91.3056032001897,170.98807092928016,12.458955087671598,64.88375529188053,147.89336902867595,500.9548587085882,27.420166858457996,41.87628712218124,21.129359484022956,16.779197237312346,0.5205559619604975,298.0811164413432,1.4852300647345014,336.5214916026188,172.22739981360672,326.74020831062643,568.13405692129,87.87843130540881,13972.0,609.332751853467,1.12865992437385,726.5584970111016,225.5358807082945,1226.6159422144312,115.07889813803536,0.4891926710563985,12762.0,1210.0,1451.5313805680569,220.81308915202436,1230.7182914160326,1096.145278209607,239.92817929934662,285.96341274530613,411.114234304519,1688.2548993101775,510.2465194302146,1096.1714301621669,1401.8104748692076,3514.9871301652265,434.67707134637504,0.09307280991713453,0.7487515291622919
Placer,183.8502374965074,0.5420499351072607,1213.91030121569,-555.91030121569,37.109884,-31.352229167962484,10368.785694328024,-8760.05285497694,243.88349514563106,29.880478087649404,170.06033182503776,195.3290870488323,255.47445255474454,247.2527472527473,600.9771986970685,145.66115702479337,64.09048067860509,278.1676446218104,543.1676090298747,24.80775790887401,256.7664507019801,280.62469497315766,2175.940317065589,180.71563391028474,155.99370952195747,59.607352418959366,28.746808258788914,8.877690785802459,1.6909887211052304,117.94646329708979,23.251094915196916,94.69536838189289,-0.4151254831087574,44.98463257893266,0.5208413188906358,58.640776699029125,9.9601593625498,44.49472096530921,50.955414012738856,51.09489051094891,27.472527472527474,114.00651465798045,41.32231404958678,16.965127238454286,68.06229602448552,130.60240280813866,8.269252636291336,67.18057911936509,73.20644216691069,435.1880634131178,20.079514878920524,29.59230261934153,16.909887211052304,7.609449244973536,0.6485148514851485,169.32103939647948,0.8436653126707976,202.71844660194174,83.66533864541832,256.1847912474424,451.4864520917111,69.46172214484723,1264.0,353.1712768929869,0.6541750225251519,446.6019417475728,113.54581673306772,994.6540611215858,94.26948005372124,0.47943037974683544,1150.0,114.0,1321.7179003440237,188.6583065142603,1133.0595938297633,1513.0121582089048,259.5667686896528,409.2192705074657,448.5347582731623,2227.1601803374638,830.2329646836502,1509.8550493606454,1436.6764275256223,8517.252098228164,730.894341592707,0.06533312938831297,0.5255915296638256
Plumas,151.51515151515153,0.44671564837176164,89.54241953644653,-49.54241953644653,2.25592,-2.794093377016511,8545.151515151516,-10583.687034153449,194.87179487179486,28.985507246376812,151.8987341772152,71.42857142857143,285.7142857142858,166.66666666666666,344.0860215053764,75.47169811320754,31.746031746031743,296.91211401425176,562.6868418593568,29.767718118185993,309.86400413152006,99.60159362549801,1538.4615384615386,138.88888888888889,237.52969121140143,29.69121140142518,14.84560570071259,0.0,0.0,74.22802850356294,0.0,74.22802850356294,-0.3642929292929292,45.45454545454545,0.5262820667164273,46.15384615384615,43.47826086956522,50.63291139240506,0.0,0.0,0.0,75.26881720430107,56.60377358490566,15.873015873015872,89.07363420427554,133.26793622984766,44.65157717727899,103.28800137717334,0.0,0.0,0.0,51.95961995249406,22.268408551068884,7.422802850356295,0.7777777777777778,170.45454545454544,0.8493131621424348,179.48717948717947,144.92753623188406,334.02612826603325,518.2641964494076,148.83859059092995,85.0,321.96969696969694,0.5963807012295295,374.35897435897436,173.91304347826087,1080.9510383087643,178.60630870911595,0.5294117647058824,73.0,12.0,1942.938950812966,552.203701810001,1390.735249002965,1959.6199524940616,690.3206650831354,393.40855106888364,467.6365795724466,2887.471951646699,1026.9862750774168,2039.9380271991736,1394.4223107569721,5384.615384615384,833.3333333333334,0.1236061684460261,0.9943860910641266
Riverside,474.59319157432367,1.3992541548938546,6795.048609822612,2712.951390177388,536.232184,153.00503250322436,26766.1068184087,7637.268269103737,580.1953476416913,107.11091234347047,347.86043449637924,481.69297950957355,781.162464985994,510.7361963190186,1352.6182432432431,268.9813048454788,158.8695513332269,658.3776267937812,1250.419374416792,66.33630018976153,448.13841065219236,682.6285164809882,2360.646717738181,256.376696667103,443.58088738335744,97.63488155019263,68.89837385988771,30.675356401939954,2.146582502167356,227.19152224551917,37.39208229581846,189.7994399497007,-0.10471489299785552,121.44354597184785,1.4060983279955819,146.70350854645935,33.54203935599284,99.93416721527323,123.05452916806634,178.92156862745088,98.15950920245402,263.9358108108108,104.92178557802366,44.06833785725691,168.47210412171538,316.17094160965064,20.77337166693994,128.74226104656094,174.38603896155416,540.6949676217887,49.27359935944321,86.55574605513532,38.08452826425954,19.111508728973877,0.6800614282057845,195.01846860337426,0.9717062798414807,221.43683331191363,103.08586762075134,270.53863986993093,477.2339311374753,63.84349558972875,13415.0,669.6116601776979,1.2403138407333725,801.6321809536049,210.1967799642218,1727.653305554267,130.1797957794903,0.29124114796869177,12475.0,940.0,2218.2237941338985,310.65356371509455,1907.5702304188044,1387.2462531748647,327.9424106536967,362.98017665681544,433.67891003465,2155.1695984798,619.3234539637027,1288.2707149520818,1417.144416711228,3021.966394379314,501.9747934743275,0.12111075701217262,0.9743110215712169
Sacramento,430.85521185339223,1.2703004510951093,5219.237696313785,1410.762303686215,373.91874,79.56417240329516,24299.372238107615,5170.53368880265,522.4469659595461,85.55486670799752,295.3627403457747,443.77652050919374,566.3479923518164,512.7081507449602,1091.743119266055,203.78904249871994,108.89423076923077,686.4704237893582,1336.171259221569,56.295263089290096,374.24889189161524,645.5628485010596,3055.3406570735983,314.4890762084982,505.1718246860149,82.4178668682246,46.90363529058511,14.081444590550936,1.242480405048612,240.93765854567667,59.22489930731717,181.7127592383595,-0.01836299473113201,88.77047049649077,1.0278027468782216,106.56142081894426,21.69869807811531,68.50864436904183,104.31400282885431,106.11854684512429,80.63102541630144,152.38308346386216,65.284178187404,30.528846153846153,141.43568610803368,272.53351462876196,14.277784116848938,86.8060887100902,151.7458488508467,572.4895559337768,49.458111130225355,70.51076298650874,26.402708607283007,13.149584286764476,0.5852064819654992,248.63530023394853,1.2388595006299805,277.503700049334,139.8016119032858,396.1441691429992,709.7226943457343,91.98972338141245,10456.0,679.4905120873408,1.2586123224994066,799.9506660088801,225.35647861128334,2045.8939535673037,148.28498647070253,0.3659143075745983,9729.0,727.0,2746.847839563356,558.4105672426065,2188.4372723207503,1593.2740394073369,462.7204108468539,404.4273718433232,430.7265404168522,2557.5251581134285,658.0018794422095,1267.0822712895006,1454.7025781362522,5394.811491051627,613.3880956476866,0.12684362706256863,1.0204307768525331
San Benito,270.15250544662314,0.7964969207569711,155.68170669404907,-31.68170669404907,6.993352,-1.7867848941309794,15236.061002178649,-3892.7775471263158,333.3333333333333,57.14285714285714,158.94039735099335,326.4604810996564,599.9999999999999,166.66666666666663,608.6956521739131,144.44444444444443,145.29914529914532,333.69214208826696,642.7993741024542,31.910149833846578,175.5669348939283,456.3577845030504,946.3722397476341,84.88964346349745,226.04951560818085,34.983853606027985,45.748116254036596,26.910656620021527,0.0,56.512378902045214,18.83745963401507,37.67491926803014,-0.060094408133623656,89.32461873638344,1.0342187890592973,104.51977401129943,38.0952380952381,86.09271523178806,92.78350515463919,0.0,83.33333333333331,202.8985507246377,44.44444444444444,34.188034188034194,110.33369214208827,201.5557359473797,21.27343322256439,95.09875640087783,129.70168612191958,0.0,42.444821731748725,75.34983853606028,10.764262648008613,10.764262648008613,0.6515151515151515,287.58169934640523,1.4329152783509838,316.3841807909605,190.47619047619045,355.2206673842842,610.1146601650413,106.36716611282195,256.0,557.7342047930284,1.0330845395846862,649.7175141242938,247.61904761904762,1252.9140342674955,138.27731594666852,0.515625,230.0,26.0,1557.4953363133993,381.89433670057366,1175.6009996128255,1235.1991388589881,371.3670613562971,242.19590958019376,314.8546824542519,1928.3981223073624,558.4276220923151,1104.6086320409659,1397.8959504251332,1577.287066246057,509.3378607809848,0.11568645274672,0.9306736142874438
San Bernardino,311.9053385461717,0.9195977705591616,9803.199060083007,-788.1990600830068,508.42797,-44.45285059056141,17590.837283326993,-1538.0012659779713,387.4966194897683,62.23016227482507,234.13387838528354,295.2492211838006,497.513354208878,273.2626619552412,807.2787427626137,159.90613476366076,109.67741935483872,665.0697124375782,1274.1517278370795,61.40073686524647,473.0529154389522,602.4316563453963,2229.6148321804167,192.09909663743778,432.0186617897347,105.57013405415137,67.72423694039898,25.378145433003542,2.6558524290352543,211.36158914405564,46.62496486528557,164.73662427877008,-0.2590236073083728,105.31778708092585,1.2193909782329067,128.2790949247273,29.477445288075035,80.22483392948389,108.09968847352023,151.4090992816356,57.714958775029395,204.0253653156879,75.53916638730584,36.67861409796894,224.5670776106476,421.8024680032952,29.08455956774833,162.08927918794305,220.56848826362705,678.5425368575721,40.57265403118298,109.18504430478268,49.871006722995325,22.648519325383973,0.7387980085348507,194.58187731377367,0.9695309038329049,223.4742630487695,99.15140687807057,414.9031683581742,734.8196192411586,97.82988218242619,14639.0,506.48721585994537,0.9381603418000403,610.9708825385378,161.38156915289565,2008.971347078238,159.2306190476727,0.3841792472163399,13555.0,1084.0,2502.182530262321,437.57188300281285,2064.6106472595084,2132.2806321223875,535.1542644506037,660.2006496510137,617.4856897506966,3288.1621767818365,986.6716495786137,2020.4377029987554,2040.4174274531492,4481.517557907252,702.983332091314,0.1279826464208243,1.029593952295487
San Diego,339.5487533232737,1.001099493864555,9440.620096126715,10.379903873285002,533.017498,0.5854058186455275,19149.87058992599,21.03204062102668,421.60719303175046,69.1358024691358,222.7530364372469,371.92089742107083,548.1037924151694,403.9408866995075,806.0667597410838,256.7184109497579,116.4881172269426,435.38088110844996,816.9007796661996,41.922020886088674,255.89412252779857,482.82198641612774,2554.7513164505144,229.10787628174683,292.57263526820077,70.85131680719459,43.579548569314746,11.654995547607431,1.7966198670224895,165.42722929430153,31.325679732699818,134.10154956160173,-0.27071779606092994,80.83638715240353,0.9359402997220361,97.21831975273953,26.85185185185185,59.67611336032387,96.68092980224354,109.18163672654687,71.15489874110564,130.4734103312603,98.64797195793692,36.44871321265858,103.65114617437439,188.36899017961017,16.282213469150513,68.55469585713834,125.50969547384413,508.9034851050369,40.357755984589545,47.357057007669724,27.225701061802344,13.63588411893992,0.5463607297348129,191.02536466192427,0.9518100915278598,211.81043364240892,122.53086419753087,244.93917520406606,410.40122475066323,74.29929594543394,14768.0,530.574117985198,0.9827762286835106,633.4176266741595,191.66666666666669,1227.3020044168627,116.22131683152261,0.3600352112676056,13526.0,1242.0,1776.702135181555,375.3792554370384,1401.3228797445165,1282.2337789411276,362.96328031462036,275.9884518803009,374.11153692537493,1937.5873874255278,606.3720878166397,1148.7795031691435,1298.18461335207,4661.0721396274885,567.1816937218854,0.11684824982939411,0.9400200318180096
San Francisco,138.7321170757317,0.4090271303545193,2584.1806607885837,-1527.1806607885837,59.612686,-86.12993490715455,7824.213938837117,-11304.624610467847,161.6225637775313,28.287461773700304,54.09273039496279,79.81220657276995,372.2721437740693,157.06319702602232,533.096926713948,83.05084745762711,23.060796645702304,169.494786872733,315.9343823628026,12.301916312178285,68.48173458073961,125.4824219161904,1718.925967636773,77.14922211671902,144.63982758675985,15.714748451776568,5.291701009271701,0.0,0.0,32.551978935822895,6.895246769657065,25.656732166165828,0.32291875767238243,26.11891324320777,0.3024101441244939,31.056884804309934,2.293577981651376,10.01717229536348,16.76727028839705,73.81258023106548,22.304832713754646,78.60520094562648,26.271186440677965,11.180992313067785,31.910560631668748,60.70895974814637,0.9974526739604016,12.681802700136963,26.36185334373748,340.82152806591193,10.956102549119858,21.327158613125345,4.970991857194629,2.5656732166165828,0.8467202141900937,196.0887255545347,0.9770389819590514,217.39819363016954,93.27217125382263,239.56973660157337,424.9627182370246,40.563075407723,2551.0,334.82084263026644,0.6201847279214407,379.02075740770084,121.55963302752295,740.8971005998272,52.86499171990129,0.5856526852214817,2392.0,159.0,2293.713539367451,714.3456513570017,1579.3678880104492,1221.741514837609,271.3199426572036,189.21839972547298,229.46739831114562,1954.7665559722032,434.88936584673513,1266.006246693673,1572.2209334205033,4617.390788927746,491.19859761887375,0.11743235932636845,0.9447190720580877
San Joaquin,356.60632926979434,1.0513907421153186,2754.4469282404625,141.5530717595375,163.328608,7.983310141094395,20111.883758157863,983.0452088528982,422.42166108913904,76.92307692307693,212.26415094339617,366.34717784877523,511.91895113230044,739.9103139013453,886.6974402014268,187.23603941811356,101.05680317040951,644.0149528886161,1232.23007541067,53.050340546277546,391.94281699464057,627.9396642469897,2527.436961191044,417.05634052018297,469.8907442864799,88.72996070530311,34.02427064639443,5.55952134745007,0.44476170779600566,150.5518380889479,24.239513074882304,126.31232501406559,-0.09683301492353957,112.1783031646349,1.2988234430649719,130.97048980833586,32.32062055591468,71.38364779874212,125.31061412850548,159.71394517282482,141.2556053811659,179.60553923625682,109.80760206475833,44.253632760898284,202.58895790108053,382.0490078965023,22.290059053057792,131.80891771523468,214.7894394178172,788.5367934798599,79.61984682658039,95.1790054683452,52.03711981213266,14.899517211166188,0.6372480889506602,177.19492673316094,0.8828980367641162,198.2050501977487,87.91208791208791,320.006048759226,578.1763731581214,60.628960624317195,4335.0,533.8012560029553,0.9887538186620348,620.6267112868877,164.83516483516485,1810.4064485687913,113.67930117059475,0.33194925028835065,4080.0,255.0,3514.961902265236,895.1785844746897,2619.7833177905463,1805.9549145056808,529.9335748389407,473.8935996566439,336.68461280157624,2917.0617629635376,689.6544271016081,1846.4861600636405,1714.0562346741956,4937.181863653749,563.6579632484898,0.1437333806062755,1.1563053550916995
San Luis Obispo,244.75806451612902,0.7216258993979642,841.1560623120735,-234.15606231207346,34.233586,-13.20593360227632,13803.865322580647,-5324.973226724318,312.26765799256503,31.825795644891123,178.69615832363212,315.8783783783784,1043.4782608695652,217.9487179487179,667.687595712098,166.66666666666666,51.48741418764298,317.2396492071622,589.2304618459565,20.7544062320156,224.78656259610173,492.9094838947757,1999.5834201208081,141.37214137214136,227.8690066792796,42.856097586470014,23.518590138916473,9.930071391986955,1.5679060092610981,112.3665973303787,31.358120185221964,81.00847714515675,-0.37080161894406183,69.75806451612904,0.8076732040010978,87.62612851832182,13.40033500837521,54.13271245634458,103.04054054054055,173.91304347826087,38.46153846153846,165.3905053598775,52.84552845528456,20.594965675057193,90.41591320072332,165.34528266085513,8.738697360848674,68.09495218709272,160.78865517423162,333.26390335346804,24.94802494802495,56.44461633339953,13.588518746929516,9.407436055566588,0.5252976190476191,270.9677419354839,1.3501339558186838,300.05310674455654,179.2294807370184,351.210946074486,566.1823315356554,116.88007720135101,1279.0,515.7258064516129,0.9552728750206738,612.3207647371216,211.05527638190955,1155.412793381612,137.63448343336663,0.5254104769351056,1153.0,126.0,1507.739903791131,334.47902860792476,1173.2608751832063,1296.135634322508,341.280874682499,257.1365855188201,456.7832840314002,1886.9404075781224,652.1252905533323,1257.9261059938203,1560.440719067953,1916.267444282441,648.6486486486488,0.1508722242491327,1.21373587748378
San Mateo,263.55611601513243,0.7770486322370845,1613.7986066455016,-359.79860664550165,70.723092,-20.291921817593,14864.03783102144,-4264.8007182835245,321.09603617983504,47.04704704704707,171.81467181467178,254.91480996068157,432.05574912891984,276.6217870257039,785.1662404092071,137.87234042553192,59.563203176704164,248.40980089578082,481.68598214247754,18.48699206200761,130.8772205011568,295.547789089804,2575.998892043487,146.04955345025914,182.44451883972417,32.09121829754106,17.828454609745034,6.140912143356623,0.5942818203248345,75.86997906147053,17.630360669636755,58.23961839183378,-0.24396410119589196,66.20428751576293,0.7665268437042542,79.54243149773876,16.016016016016025,43.75804375804375,82.56880733944956,84.78513356562136,58.75152998776012,125.31969309462914,65.53191489361703,22.501654533421572,62.39959113410762,119.32403368732459,6.293444106215356,33.33202619505118,95.73013219875398,505.5051589225123,31.019374184125834,29.11980919591689,15.253233388337417,6.735193963681456,0.6225839267548321,206.59941151744434,1.029409917023528,226.6560255387071,131.1311311311312,194.7263431264374,340.01363445351353,51.527573619638225,2237.0,470.1555275325768,0.8708635807524686,547.7520617185422,178.17817817817826,821.699616595991,70.01456568164583,0.43942780509611085,2059.0,178.0,1416.8032374755744,239.71234518577714,1177.0908922897975,942.5309670351872,232.36419174701024,232.76037962722683,299.3199435036083,1500.1305773600438,392.94691638182104,761.7348339280813,1159.3982677404647,5962.190984003878,527.9755980923082,0.06296905406783192,0.5065730320720907
Santa Barbara,338.8592301208205,0.9990665565551767,1207.126784584141,-1.126784584140978,68.015988,-0.06354839697638288,19110.98286035403,-17.855688950934564,419.1900766143743,69.68215158924205,214.84374999999997,416.816816816817,643.8356164383559,294.9640287769784,804.6198267564966,173.39667458432302,124.23625254582485,415.6313219212782,776.1403149192306,40.106737944586605,236.49471828462498,571.2733468880419,2392.669268623791,176.3668430335097,288.115908064833,50.31689303524595,42.04562294726031,16.1979039223052,0.34463625366606815,114.07459996346857,31.706535337278268,82.36806462619029,-0.2880602901854321,89.63191907839281,1.0377767755593952,111.63808828894564,15.89242053789731,63.15104166666666,117.11711711711717,109.58904109589038,21.58273381294964,173.2435033686237,53.44418052256532,43.78818737270876,109.93896491947572,206.70055384271936,9.147150759291682,69.51511416245037,160.51628622934896,407.2628542338368,12.90489095367144,62.03452565989227,15.508631414973067,14.81935890764093,0.7025906735751295,271.1435796572071,1.351010091395253,303.5388544326888,162.5916870415648,332.57398478775576,562.0093490102697,93.58238853736873,2171.0,610.0028097780275,1.1299010648248764,722.7289310470632,232.27383863080684,1338.1496639295003,133.68912648195536,0.4444956241363427,1981.0,190.0,1653.1136691660522,385.5857124417691,1267.527956724283,1226.5604267975366,358.07706755904485,290.1837255868294,338.4328011000789,1851.523588506189,575.5668708538919,1100.7754160157092,1370.562136265979,3716.2735448837616,597.9266141867768,0.14945797749976367,1.202358554534729
Santa Clara,377.518918459315,1.11304781565225,3989.0469551823735,450.9530448176265,250.40712,25.432849821624497,21291.311963268447,2162.473413963482,458.430540827148,50.19305019305019,275.9242560865646,390.2439024390245,570.6051873198845,377.23362011912633,1029.5748613678372,204.9062049062049,96.79370840895342,355.5794744150958,683.3404266731493,18.992321919961043,208.46012008029572,663.8330828592766,2275.2736361285874,127.20318141851631,267.64563141784913,45.48854537562487,25.62734950739429,9.930597934115287,0.7207692048954645,126.05452538949568,42.5253830888324,83.52914230066327,-0.0777078578108823,83.58132811835736,0.967721790222725,98.93955461293754,21.45002145002145,58.31079050195373,96.29629629629632,105.90778097982707,72.13765718067502,166.358595194085,87.30158730158729,27.22323049001815,78.72401426802683,147.48013372335146,8.11637688887224,44.05366372067252,163.80695979814556,422.3045764026545,24.324818902839088,43.24615229372787,19.380683064966934,7.2076920489546445,0.7028885832187071,309.07235779270496,1.539995432962743,335.10074231177134,203.77520377520378,291.11067331055705,499.5039898883071,77.10558044428629,8075.0,686.59127625202,1.2717649848513404,793.5312831389193,253.96825396825395,1182.8444165614565,96.09790236424733,0.4501547987616099,7483.0,592.0,1948.1322781269448,270.5161483142278,1677.6161298127167,941.8851798639499,259.95742656563084,221.99691510780303,264.76255459826723,1490.6084255211174,378.3854905592239,755.4976247354507,1701.0722748268956,3987.4745037203033,337.2000124971548,0.08451970008384926,0.6799435274218568
Santa Cruz,179.58748221906117,0.5294819544890048,953.7624383957865,-448.7624383957865,28.48099,-25.309304000645568,10128.374822190612,-9000.463727114353,220.5683355886333,26.89075630252101,127.03379224030034,250.7552870090634,211.53846153846146,307.69230769230774,675.1824817518249,95.31772575250837,30.63063063063063,263.8770594167533,507.8857243331126,16.82519173838325,174.29380956469478,431.5275033794323,1737.7567140600315,130.66771200836274,193.33566729544302,29.784143340108788,17.765980237959628,4.180230644225795,0.5225288305282244,63.22598849391515,7.315403627395141,55.91058486652001,-0.1324199035146778,41.607396870554766,0.4817389899459758,50.96977898060442,6.722689075630252,26.90863579474342,62.437059415911364,57.69230769230767,46.15384615384615,118.61313868613138,35.11705685618729,9.90990990990991,61.13587317180225,117.36418578658838,4.2062979345958125,36.91937838069889,107.44861529929639,473.93364928909955,19.60015680125441,33.964373984334586,10.973105441092713,5.747817135810468,0.6361386138613861,143.66998577524893,0.7158554182192471,160.12629679747405,82.3529411764706,211.10164753340268,368.7104951702555,51.52714969879871,909.0,323.2574679943101,0.598766024425812,380.69463238610734,109.24369747899159,876.596219503368,68.35234143718196,0.4444444444444444,844.0,65.0,2159.2583222964627,387.28254884745314,1771.9757734490092,1469.3510714453669,286.34579912946697,312.4722406558782,580.0070018863291,2302.6230078660747,625.6868177711272,1372.0271314501592,1720.9108869709892,8214.84992101106,424.67006402717885,0.13009504331087585,1.0465877489051731
Shasta,429.9065420560748,1.2675034658473534,907.2953494696759,242.7046505303241,64.8577,13.688056880609219,24245.869158878504,5117.03060957354,543.0161943319838,110.15736766809728,404.0671971706454,598.5401459854015,510.6382978723404,607.4074074074075,1652.1739130434783,319.8847262247839,281.49300155520996,974.3368155283871,1846.6600357110417,128.49588444379017,946.581329356449,804.8684727129958,7758.620689655173,791.8879768227908,547.3231155055114,188.08936786721907,153.35214227012005,57.612959526895935,5.083496428843759,356.6919994238704,63.54370536054699,293.1482940633234,-0.5226937445646183,103.55140186915888,1.1989394073158535,131.57894736842104,24.320457796852647,98.14323607427055,116.78832116788321,141.84397163120568,140.7407407407408,352.94117647058823,90.77809798270893,60.653188180404356,234.6880851316202,447.4665510576615,28.369221240836797,229.91362704281363,157.04750687082844,2155.1724137931037,183.4862385321101,116.92041786340644,53.37671250285947,33.04272678748443,0.7195121951219512,122.61682242990653,0.610955142980168,142.71255060728743,65.80829756795423,277.89780477679216,485.3291053779252,76.76377512226426,1478.0,552.5233644859812,1.023432561073788,685.7287449392712,175.9656652360515,2331.989141088967,205.25965956605447,0.2219215155615697,1355.0,123.0,2857.3989323265305,727.0934746441552,2130.305457682375,2266.392157859509,331.2745172796516,587.9910869362615,544.7813672910895,3400.745788038228,1166.475626314407,2342.6334431119126,1344.7192775814683,15193.965517241379,1303.7180106228873,0.1647677558355051,1.3255225586109805
Sierra,215.68627450980392,0.635912864152743,17.297967410449896,-6.297967410449896,0.620378,-0.35519276601455324,12164.274509803921,-6964.564039501043,314.2857142857143,0.0,225.00000000000003,111.1111111111111,****,0.0,461.53846153846155,200.0,0.0,508.7881591119334,1002.8838586491264,0.0,458.7155963302753,671.1409395973154,25000.0,0.0,277.5208140610546,92.50693802035153,0.0,0.0,0.0,92.50693802035153,46.25346901017576,46.25346901017576,-0.13725490196078427,98.0392156862745,1.1351181831138628,142.85714285714286,0.0,100.00000000000001,111.1111111111111,****,0.0,153.84615384615387,100.0,0.0,231.26734505087882,455.8562993859665,0.0,203.87359836901123,671.1409395973154,0.0,0.0,92.50693802035153,46.25346901017576,0.0,0.0,39.21568627450981,0.19539753795695236,28.57142857142857,62.5,92.50693802035153,91.17125987719331,93.88233396947648,13.0,254.9019607843137,0.4721519184820635,342.85714285714283,62.5,1094.0551185263198,93.88233396947648,0.15384615384615385,12.0,1.0,1477.199743095697,545.9216441875401,931.2780989081566,2358.926919518964,601.2950971322849,462.53469010175763,370.0277520814061,3190.9940957017657,1502.1173435116236,2038.7359836901119,6040.268456375839,0.0,4255.31914893617,0.09781576448243115,0.7869076188588955
Siskiyou,290.8496732026144,0.8575188622665777,207.57560892539877,-29.575608925398768,10.038844,-1.6680051921746397,16403.339869281044,-2725.4986800239203,358.2089552238806,69.93006993006993,286.9955156950673,264.1509433962264,319.14893617021266,318.1818181818182,622.9508196721312,305.5555555555556,130.71895424836603,599.3669607380969,1126.060511899886,67.66480956919573,536.1705692623466,485.10048510048506,3926.7015706806283,821.2749315604224,383.86423328170247,111.11859384470334,67.34460233012324,13.468920466024647,3.3672301165061618,181.83042629133277,30.305071048555458,151.5253552427773,-0.2543236773447376,57.18954248366013,0.6621522734830866,68.23027718550107,20.97902097902098,60.538116591928265,18.867924528301884,63.829787234042534,60.60606060606061,125.68306010928961,46.29629629629629,32.67973856209151,117.85305407771567,214.48771655235925,20.299442870758718,113.09847945377625,34.65003465003465,785.3403141361256,156.4333202972233,77.44629267964173,16.83615058253081,16.83615058253081,0.7341772151898734,129.08496732026146,0.6431835624416349,144.98933901918974,76.92307692307693,266.0111792039868,455.7863976737635,74.43129052611529,257.0,419.93464052287584,0.777840019550579,503.1982942430704,146.85314685314685,1581.8469095736498,142.09610009531102,0.30739299610894943,236.0,21.0,1273.744986557363,229.18594913834906,1044.5590374190142,2060.7448313017712,616.2031113206277,363.66085258266554,515.1862078254428,3143.5855957205154,967.6067768394988,1868.2193272734883,1836.4518364518362,12303.664921465972,2581.149784904185,0.18242318223303924,1.4675568167894508
Solano,225.020475020475,0.6634331048115756,1656.5347614242608,-557.5347614242608,61.981402,-31.44384547480546,12690.704750204752,-6438.133799100213,284.02366863905326,36.878216123499136,142.5732737208147,270.516717325228,285.4881266490765,292.4528301886793,647.5535168195719,86.76140613313387,71.49404216315307,386.2333636743831,735.8166145049498,30.490187097072713,233.16840933648558,281.6411132735242,1310.3080798294905,163.2524092895887,297.67029939235897,40.76712482823334,27.412377039674144,8.083136819391093,1.4057629251114945,75.9111979560207,13.003307057281324,62.90789089873939,-0.36735337685850655,49.75429975429976,0.5760655054598732,62.93706293706294,7.718696397941681,34.773969200198714,68.38905775075987,58.57519788918205,53.45911949685536,100.91743119266056,36.64921465968586,21.998166819431713,85.40009770052329,163.05027253234684,6.381667066829173,56.87034374060624,71.20140504105947,268.8432474326681,29.84183825723665,46.39017652867932,17.220595832615807,8.434577550668967,0.6984478935698448,184.6846846846847,0.920216783486458,210.59709521247981,102.05831903945112,316.999539612642,545.5912965505452,84.3798201058524,2001.0,409.7051597051597,0.7588920719620277,494.62076385153307,138.93653516295026,1281.4079110554949,114.87000720292512,0.45077461269365315,1839.0,162.0,2556.8324084827123,440.20822850765575,2116.6241799750564,1716.436531561135,459.68447651145874,469.8762577185171,383.42183782416015,2590.687663569511,826.7804222136463,1635.4285992834334,1041.1227670448252,4589.711296260415,558.2179156353677,0.0924984446883631,0.7441308795469731
Sonoma,224.06639004149378,0.660620153857659,1553.0861327931386,-527.0861327931386,57.864348,-29.72660371726743,12636.896265560166,-6491.942283744798,279.1428571428571,45.41241890639481,155.1034022681787,340.32411820781687,365.6957928802587,408.0717488789237,609.6121416526138,175.0000000000001,30.18446059250978,304.8083064719776,583.0941908100207,28.985405168503753,202.68414835607902,457.5515226084282,2077.5877918735064,383.62632266767844,214.79181830335258,47.830543218312265,16.042542445893552,6.832934745473181,0.2970841193683992,68.62643157410021,8.021271222946776,60.60516035115343,-0.16737310006074413,52.413190652981,0.6068506906011654,65.71428571428571,9.267840593141797,35.02334889926617,85.79599618684459,61.48867313915854,116.59192825112106,109.61214165261383,55.43478260869569,6.148686416992733,71.3001886484158,137.26884737595165,5.915388809898725,45.76738833846945,115.34912334666255,349.3289207574922,109.60752076219383,38.620935517891894,15.151290087788357,3.267925313052391,0.4494047619047619,220.1354007425202,1.0968548407175154,250.0,123.26227988878591,299.46079232334637,522.2184411041638,78.67467117165305,2034.0,444.20179078401395,0.8227897779464508,529.1428571428571,168.67469879518072,1105.3126319141845,107.66007634015679,0.49557522123893805,1852.0,182.0,1278.027869728367,366.84701947032374,911.1808502580432,1360.3481825878998,352.3417655709214,273.31738981892704,531.4834895500661,2088.8737644166554,638.2704525880724,1306.7679070355377,1344.458115451656,5681.191395477113,940.0952742295857,0.10332122918008192,0.8311979450538945
Stanislaus,209.56926923514035,0.6178779551021352,2984.4081420499733,-1140.4081420499733,103.997912,-64.3167383953344,11819.287646323446,-7309.550902981518,254.4011544011544,43.33868378812199,168.75687568756874,219.4591234069009,362.121212121212,350.1326259946949,595.696489241223,173.24263038548753,101.68195718654434,545.0976682589983,1049.091293342628,47.58050165420851,455.6092808857947,529.2869619977959,2961.219179779457,463.41805926133964,310.97762852953696,112.92153431395734,78.6312254646928,42.56727995081115,0.8868183323085655,180.31972756940831,33.69909662772549,146.6206309416828,-0.31262314640104893,65.80293215138083,0.76187986882985,80.51948051948052,11.235955056179774,54.78547854785477,70.56263599626983,98.48484848484846,100.79575596816973,130.80407701019254,74.82993197278911,38.9908256880734,171.15593813555316,332.04364247599915,12.33568561405406,147.90966224323714,170.18150194546695,805.3524965927395,133.40822918129476,68.28501158775954,48.7750082769711,30.151823298491227,0.7782646801051709,129.67382657120126,0.6461176344614736,144.5887445887446,74.3713215623328,337.2865723880244,596.250411757977,81.65049049302449,2985.0,339.24309580634167,0.6283760157195918,398.989898989899,117.71000535045478,1645.3417051006052,129.230992147233,0.38224455611390284,2765.0,220.0,3000.017201933495,549.5062089423295,2450.5109929911655,2601.0381686610226,522.0403916189755,651.8114742467956,773.3055857730691,4123.767817847086,1097.8760196508113,2699.7968469699313,2411.7792588483135,8177.425350018589,1323.5500631933721,0.1454588357131855,1.1701862849889488
Sutter,242.0091324200913,0.7135211589061288,371.3975355773066,-106.3975355773066,14.94547,-6.000608211488938,13648.831050228311,-5480.007499076653,324.84076433121015,32.25806451612903,211.24620060790278,311.35531135531136,278.4810126582279,223.5294117647059,540.0593471810089,109.14454277286136,98.29059829059828,432.67425343282116,832.7519406313249,32.65238274243426,432.3214730032347,511.2166957358513,1798.8552739165987,168.96398399288574,297.15741179159795,60.41112217741278,37.55285973190524,8.163665159109835,0.0,44.083791859193106,11.429131222753767,32.65466063643934,-0.4869190435665852,82.1917808219178,0.9516333261173754,108.28025477707007,16.129032258064516,91.18541033434651,73.26007326007327,63.29113924050635,58.82352941176472,133.53115727002967,70.79646017699115,17.094017094017097,146.945972863977,277.5839802104416,16.32619137121713,186.61358546902215,120.28628134961208,408.8307440719542,44.464206313917295,73.4729864319885,39.18559276372721,6.530932127287867,0.8325991189427313,207.30593607305937,1.0329302725696974,245.85987261146497,109.67741935483872,370.63039822358644,630.278919771944,111.0181013242765,492.0,449.31506849315065,0.8322610423991526,570.7006369426751,141.93548387096774,1463.030860403269,143.67048406671074,0.4613821138211382,448.0,44.0,2049.913638855275,328.89633559837415,1721.0173032569012,1787.8426698450537,550.2310317240028,553.4964977876467,382.05952944634026,2563.569699590549,1012.2238650154621,2046.5289873102759,1641.9077404222048,6459.525756336876,755.8915073365939,0.12776717900723517,1.0278605614635872
Tehama,310.0840336134454,0.914227974827385,403.61923957716425,-34.61923957716425,20.810862,-1.9524558736729094,17488.119327731092,-1640.7192215738723,398.14814814814815,76.68711656441718,290.3587443946187,346.32034632034635,695.6521739130433,318.18181818181824,1029.7029702970297,193.54838709677418,132.78008298755188,901.5392132909847,1679.6559264086425,122.25169016927423,865.6417112299464,939.5184967704051,6986.899563318777,617.828773168579,508.18470559491817,131.93256779868068,156.36452479843635,31.761544099682386,9.772782799902272,295.62667969704376,63.52308819936477,232.10359149767896,-0.21339847566933734,100.84033613445378,1.1675501312028302,126.15740740740742,33.74233128834356,100.89686098654704,99.56709956709958,86.95652173913041,113.63636363636365,311.8811881188119,78.85304659498208,24.896265560165972,293.18348399706815,532.2165580771571,53.79074367448066,300.80213903743316,270.11156782149146,873.3624454148471,220.6531332744925,153.9213290984608,53.7503053994625,29.318348399706814,0.578125,161.34453781512607,0.8039212990228897,189.81481481481484,85.88957055214725,469.093574395309,800.7661974738877,136.92189298958715,561.0,471.42857142857144,0.8732216250607835,587.9629629629629,162.57668711656441,2480.4221238825303,259.17358315886133,0.3422459893048128,508.0,53.0,1848.869521283314,558.9238347859039,1289.9456864974102,2907.402882970926,493.5255313950647,681.6516002931835,1177.6203273882238,4218.670698886824,1594.162039807336,2981.283422459894,2712.8596594245446,10043.668122270745,1941.7475728155339,0.19128404231375196,1.538840605696584
Trinity,117.93611793611794,0.34771380197585766,138.04456345202172,-90.04456345202172,2.707104,-5.078333289567121,6651.36117936118,-12477.477369943785,147.90996784565917,20.833333333333332,109.19540229885055,41.666666666666664,454.5454545454545,166.66666666666666,315.2173913043478,100.0,27.47252747252747,515.7408402277856,951.3093126144331,44.727129277714376,495.17852488923637,141.643059490085,16129.032258064515,446.4285714285714,311.5934243042871,42.97840335231546,53.72300419039433,42.97840335231546,0.0,118.19060921886752,42.97840335231546,75.21220586655205,-0.5641594673852739,39.31203931203931,0.45516286851150467,45.01607717041801,20.833333333333332,43.103448275862064,41.666666666666664,0.0,0.0,54.34782608695652,50.0,10.989010989010989,171.91361340926184,289.5289212304797,44.727129277714376,195.46520719311962,141.643059490085,0.0,0.0,53.72300419039433,21.48920167615773,21.48920167615773,0.5081967213114754,149.87714987714986,0.7467834650910057,167.20257234726688,93.75,655.4206511228108,1075.3931359989244,201.2720817497147,109.0,267.8132678132678,0.4960673813724799,315.1125401929261,114.58333333333333,2026.7024486133575,245.99921102742908,0.5596330275229358,98.0,11.0,1124.181060154854,156.3430613460393,967.8379988088146,4373.052541098098,988.5032771032555,429.7840335231546,1955.5173525303535,6431.678178762798,2146.90220533029,4534.792806880376,3399.43342776204,35483.87096774194,2678.5714285714284,0.17155702792238522,1.3801408500483652
Tulare,348.7915407854985,1.028350219304626,2245.344005042712,63.65599495728793,130.222982,3.5900708036011246,19671.145317220544,542.3067679155793,434.22607325718786,67.44487678339819,267.55852842809355,12.139605462822457,418.73278236914604,476.1904761904761,977.1886559802713,201.94647201946472,110.0104275286757,828.4151044936766,1567.0941625350108,75.3521006416895,570.4739008190375,29.668638394926663,3992.6451273969,668.1365671143182,568.6608664454211,119.11382186743207,75.70185666875953,23.32047717284061,1.793882859449278,246.83828146022063,38.7478697641044,208.09041169611623,-0.18209895565126666,67.06948640483382,0.7765442942123959,80.74044899566758,22.04928664072633,58.76731963688484,69.80273141122913,68.87052341597796,95.23809523809521,122.68803945745994,66.90997566909977,40.14598540145985,159.2967979190959,291.387123192451,24.63434059439849,125.30051750132432,170.59467077082832,656.6850538481744,133.62731342286364,71.39653780608126,39.46542290788412,27.625796035518878,0.5760673481659652,251.20845921450152,1.2516806183340634,285.34856242615206,138.78080415045397,596.6454390528298,1029.80473538015,155.0514378588611,3972.0,600.0,1.111372977350088,719.5746356833399,206.22568093385212,2596.8988979151604,230.4035385005506,0.41868076535750254,3654.0,318.0,2485.231162964419,464.11609090487184,2021.115072059547,2375.100905910844,581.9355996053457,589.8286841869226,688.133464884743,3608.936125783576,1117.2397998988963,2132.1462043111533,2443.954087782084,9535.066981875492,1403.0867909400683,0.19495397066262013,1.568364421143626
Tuolumne,250.29239766081872,0.7379429026435977,289.9953359987189,-75.99533599871887,12.069172,-4.285984959655747,14115.990643274854,-5012.847906030111,351.30434782608694,42.857142857142854,240.3204272363151,236.11111111111111,285.71428571428567,649.9999999999999,879.4326241134752,200.0,101.6949152542373,574.0189372602666,999.3156232003654,70.31044237151653,600.0200006666889,393.154486586494,377.35849056603774,684.931506849315,332.6091038330517,83.15227595826292,80.46994447573832,32.18797779029532,0.0,206.539524154395,16.09398889514766,190.44553525924735,-0.2611294533997971,53.801169590643276,0.6229209959263444,78.26086956521739,3.571428571428571,54.739652870494005,27.777777777777775,71.42857142857142,99.99999999999997,141.84397163120568,70.96774193548387,10.169491525423728,123.38724819613206,222.61981704958635,5.859203530959711,136.67122237407912,46.25346901017576,94.33962264150944,105.3740779768177,53.64662965049221,29.50564630777071,8.04699444757383,0.6934306569343066,160.23391812865498,0.7983874840381439,189.56521739130434,100.0,367.47941310587163,539.2346679645536,164.0576988668719,351.0,410.5263157894737,0.7604130897658496,540.8695652173913,142.85714285714286,1538.550291164919,234.36814123838846,0.3903133903133903,311.0,40.0,1645.0712556144988,194.08144026912612,1450.9898153453726,2293.393417558542,378.20873903597004,415.76137979131465,791.2877873447601,2844.586551189159,1640.576988668719,2496.749891663055,1665.1248843663275,1320.7547169811326,1053.7407797681772,0.1345602057979618,1.0825090587177848
Ventura,223.77441469408873,0.6597593161439366,2622.168353925258,-892.1683539252581,97.56854,-50.316510824676705,12620.429439917216,-6508.409109387749,277.3685972547707,41.54809334092203,157.72969582941363,254.0691759918617,423.26732673267327,276.6990291262134,680.3140773976444,122.54335260115606,71.72131147540983,310.3183543440982,593.6042407493967,26.22599433765803,180.6039280456716,458.9895796960285,1766.1640156992355,110.36245353159852,217.58159758346306,38.02745151499932,31.390584977004156,10.762486277829996,0.35874954259433317,85.38239113745131,13.63248261858466,71.74990851886663,-0.23331019969553146,54.3267365153279,0.6290061177674025,65.61767659859392,15.936254980079681,36.061461273126376,66.1241098677518,79.20792079207921,63.10679611650481,111.04879416713405,51.445086705202314,26.63934426229508,75.33740394480998,140.43021265767263,10.059285499375681,41.29115651143585,119.45674746843585,330.5102251600909,25.170384138785625,35.516204716838985,15.964354645447827,11.659360134315829,0.5826819001803969,215.10800672616736,1.0718051601825764,239.20321392701706,133.1815594763802,298.30024466718805,511.92544359136264,84.0668859590682,3393.0,438.88242142025615,0.8129367723340768,516.5718111817878,174.72965281730222,1105.5296843407593,110.29288029672621,0.49012673150604186,3086.0,307.0,1218.7922233448453,199.67217285082418,1019.120050494021,1386.746356898395,319.82521722284804,310.3183543440982,437.67444196508643,2140.127781675858,631.220165085824,1145.02172273886,1806.5535809457294,4172.691592646147,398.85377942998787,0.08235741749439282,0.6625484106656531
Yolo,371.13899613899616,1.0942377421554241,702.7723230284743,66.22767697152574,43.370062,3.7351085258401087,20931.497104247104,1802.6585549421397,457.92079207920796,63.59649122807018,253.01204819277106,466.97388632872503,581.3953488372093,527.5590551181103,1006.8649885583525,332.541567695962,199.00497512437812,528.6785785489869,1043.5425897575124,38.9028302026321,368.59017632921984,759.2028370211278,3076.5444253015016,245.54716704537122,302.49489539864015,96.24837580865822,82.49860783599277,21.312140357631467,4.812418790432911,197.99665880638264,20.624651958998193,177.37200684738445,-0.3058477291724714,118.72586872586872,1.3746325024465755,143.56435643564356,30.70175438596491,82.483781278962,162.82642089093702,153.48837209302326,141.73228346456696,267.73455377574373,130.64133016627076,44.776119402985074,169.12214606378518,327.16470381586873,18.780676649546532,120.16309777765775,264.72204185605113,812.2077282795964,65.9678956241296,80.43614264009295,37.81186192483002,18.562186763098374,0.631336405529954,209.45945945945945,1.0436604983443973,236.38613861386136,114.03508771929823,298.3699650068405,538.6936071450941,69.75679898402997,1203.0,580.5984555984555,1.0754357237388639,694.3069306930693,177.6315789473684,1582.2361969026065,108.65962918666207,0.36076475477971737,1122.0,81.0,1828.0697475917557,271.18644067796623,1556.8833069137897,1424.4759619681417,300.4324302027403,289.4326158246079,414.5555043758637,2278.8713852001893,611.7134680138014,1456.8087921583453,1625.7929174366914,5291.656411518583,465.4401524591365,0.1840601262007154,1.4807256928558528
Yuba,295.6989247311828,0.8718160234352121,441.60693271383855,-56.606932713838546,21.71323,-3.1925177911950664,16676.827956989247,-2452.010592315717,379.45066124109866,37.61755485893417,283.90804597701157,331.75355450236964,297.29729729729723,328.7671232876712,757.9787234042553,124.29378531073446,83.33333333333333,813.9879064653896,1565.7640961141549,51.11654473312272,836.0694580780557,666.9842782277275,2979.011509817197,415.0095106346187,602.5624762146391,93.02718931033024,50.74210326018014,10.571271512537528,2.1142543025075056,167.02608989809295,31.713814537612585,135.31227536048036,-0.37067793900147905,113.67127496159755,1.3161093772877783,145.47304170905392,15.67398119122257,111.49425287356325,109.00473933649289,141.89189189189185,95.8904109589041,218.08510638297872,93.22033898305085,34.72222222222222,312.9096367711108,600.2795328266063,21.298560305467802,328.33496936668587,219.15197713196758,1421.8009478672984,121.04444060176378,173.36885280561546,69.77039198274768,21.142543025075057,0.7897310513447433,314.1321044546851,1.565206314993882,368.26042726347913,147.33542319749216,864.7300097255699,1519.588747435185,200.20646687139734,794.0,609.8310291858678,1.1295828776446104,747.7110885045778,184.95297805642633,3085.35284354934,251.32301160452008,0.5151133501259446,735.0,59.0,2068.1830608562527,389.5784351249385,1678.604625731314,2752.759101864772,794.9596177428222,748.446023087657,608.9052391221616,4126.397068311567,1358.848147488846,2944.8600345259442,2010.4811815150072,10020.311442112392,1262.3205948469652,0.17808251905296604,1.4326370781831714
