County,"County adult jail incarcerations, average daily population, December",Men imprisoned (total institution population),Women imprisoned,Imprisonments for violent felonies,Imprisonments for property felonies,Imprisonments for drug felonies,Imprisonments for drug possession offenses,Imprisonments for marijuana offenses,Imprisonments for strike offenses,Imprisonments for 3rd strikes,Imprisonments for 2nd strikes,"New felon and parole violator admissions to prison, all","New felon and parole violator admissions to prison, White, not Latino","New felon and parole violator admissions to prison, Latino","New felon and parole violator admissions to prison, Black","New felon and parole violator admissions to prison, Asian/all other","Jailed, unsentenced","Jailed, sentenced",Men jailed,Women jailed,Part I crimes reported to police (number),Violent crimes reported,Property crimes reported,"Adult felony arrests, total (number)",Violent felony arrests,Property felony arrests,Drug felony arrests,Male felony arrests,Female felony arrests,"White, not Latino, felony arrests",Latino felony arrests,African American felony arrests,Asian/other felony arrests,"Total county population, all ages (number), 2011 census adjusted","White, not Latino population",Latino population,Black population,Asian/other population,"Total adult population, age 18-69","Male population, age 18-69","Female population, age 18-69",At Legislative Analyst-estimated cost per prisoner per year,,Sources:
Alameda,4182.0,4370.0,172.0,3187.0,650.0,501.0,94.0,39.0,592.0,132.0,460.0,1329.0,195.0,259.0,798.0,77.0,3464.0,718.0,3819.0,363.0,44584.0,11189.0,33395.0,15990.0,3435.0,3719.0,5424.0,12865.0,3125.0,3358.999999999999,3315.9999999999977,8070.0,1245.0000000000011,15990.000000000002,386651.9097561512,215470.85215724664,131347.09391882867,314035.2086501274,1047505.0644823539,501772.0017281163,494030.4344289442,47102.0,,
Alpine,0.0,3.0,0.0,2.0,0.0,0.0,0.0,0.0,0.0,0.0,0.0,1.0,1.0,0.0,0.0,0.0,0.0,0.0,0.0,0.0,52.0,13.0,39.0,15.0,8.0,3.0,2.0,15.0,0.0,11.000000000000004,0.0,0.0,4.0,14.999999999999996,620.9792922453835,47.60261263193399,0.43188993838089534,156.51992180740524,825.5337166231036,474.0691888511354,466.75503318418845,,,
Amador,82.0,202.0,20.0,102.0,41.0,50.0,29.0,2.0,60.0,12.0,48.0,78.0,62.0,5.0,6.0,5.0,40.0,42.0,63.0,19.0,644.0,107.0,537.0,437.0,87.0,50.0,100.0,315.0,122.0,329.00000000000006,55.99999999999999,24.000000000000007,28.0,436.99999999999955,20538.22038942073,3207.3652150910125,989.7661859324363,1265.0822018344734,26000.433992278653,13541.486535319118,13332.562304826062,,,
Butte,529.0,1253.0,128.0,670.0,281.0,291.0,157.0,31.0,156.0,41.0,115.0,440.0,283.0,78.0,47.0,32.0,379.0,150.0,453.0,76.0,4511.0,932.0,3579.0,1960.0,546.0,496.0,517.0,1468.0,492.0,1555.0000000000007,205.00000000000003,131.00000000000006,69.0,1960.0000000000016,117636.82906973215,18790.515014810866,2257.7321434605224,12249.058814082935,150934.13504208645,73994.59886874088,72852.97644870798,,,
Calaveras,74.0,106.0,10.0,53.0,21.0,26.0,21.0,1.0,11.0,0.0,11.0,48.0,41.0,5.0,1.0,1.0,51.0,23.0,64.0,10.0,607.0,84.0,523.0,433.0,190.0,62.0,107.0,323.0,110.0,374.99999999999983,40.0,7.0,11.0,432.9999999999999,25475.85846109828,2654.430139266907,220.382993354754,1499.0787619410112,29849.75035566095,15538.637417538897,15298.900232341199,,,
Colusa,39.0,80.0,6.0,52.0,14.0,13.0,5.0,4.0,7.0,3.0,4.0,35.0,16.0,16.0,3.0,0.0,21.0,18.0,34.0,5.0,411.0,59.0,352.0,256.0,51.0,44.0,26.0,196.0,60.0,123.99999999999999,111.0,14.000000000000004,7.0,256.0000000000001,5689.730677285078,6810.963377470779,87.30324173205145,542.5851181854578,13130.582414673367,6905.243086256823,6798.705846464063,,,
Contra Costa,1450.0,1880.0,62.0,1401.0,309.0,114.0,15.0,2.0,322.0,87.0,235.0,521.0,133.0,117.0,238.0,33.0,1124.0,326.0,1241.0,209.0,24100.0,4257.0,19843.0,10345.0,2466.0,3010.0,2749.0,8044.0,2301.0,3911.0000000000005,2281.999999999999,3555.0000000000005,596.9999999999998,10344.999999999998,354471.340677111,151334.41796594742,62572.08230244413,123423.58778126177,691801.4287267643,343552.2257215885,338251.74529014906,,,
Del Norte,115.0,148.0,9.0,98.0,27.0,15.0,4.0,0.0,18.0,5.0,13.0,40.0,29.0,6.0,1.0,4.0,66.0,49.0,94.0,21.0,506.0,108.0,398.0,411.0,137.0,97.0,74.0,310.0,101.0,344.00000000000006,23.0,7.0,37.00000000000001,411.00000000000006,12876.58313569312,3585.673539348837,1082.991790181094,2154.6311264169053,19699.879591639958,10185.337730943207,10028.193694932168,,,
El Dorado,361.0,419.0,36.0,271.0,83.0,53.0,17.0,1.0,84.0,17.0,67.0,160.0,119.0,24.0,6.0,11.0,200.0,161.0,309.0,52.0,2256.0,520.0,1736.0,1881.0,525.0,336.0,384.0,1407.0,474.0,1546.0,217.99999999999997,63.99999999999999,53.000000000000014,1880.9999999999998,98688.87584397507,12611.015102303098,847.5494048189382,7773.01810060245,119920.45845169955,61345.529192484224,60399.06238861445,,,
Fresno,2564.0,4895.0,365.0,2819.0,1092.0,829.0,501.0,24.0,977.0,196.0,781.0,2240.0,500.0,1204.0,396.0,140.0,1891.0,673.0,2255.0,309.0,24765.0,4694.0,20071.0,13114.0,3867.0,2705.0,3371.0,10472.0,2642.0,3096.999999999999,7209.000000000003,2089.0000000000005,719.0000000000001,13114.000000000004,212687.81701592074,273663.15219422104,29088.33751213654,66639.53975089651,582078.8464731749,289635.2370213208,285166.6124829051,,,
Glenn,86.0,117.0,3.0,60.0,21.0,21.0,11.0,0.0,14.0,2.0,12.0,34.0,17.0,13.0,1.0,3.0,61.0,25.0,69.0,17.0,367.0,54.0,313.0,385.0,98.0,60.0,97.0,305.0,80.0,239.00000000000006,114.99999999999996,13.000000000000002,18.000000000000004,385.0000000000001,10230.311403932468,5994.646281469582,109.65732516158417,991.0900684380158,17325.70507900165,8997.400251236013,8858.584256476157,,,
Humboldt,351.0,556.0,28.0,314.0,95.0,121.0,48.0,11.0,39.0,2.0,37.0,239.0,161.0,22.0,10.0,46.0,259.0,92.0,305.0,46.0,2811.0,541.0,2270.0,2032.0,467.0,403.0,724.0,1598.0,434.0,1623.9999999999993,95.0,61.0,252.0,2032.0,76410.73782930925,8067.258083907086,1101.4381888009202,9695.342889709034,95274.77699172629,47072.93504398838,46346.67233232346,,,
Imperial,508.0,389.0,17.0,203.0,106.0,75.0,25.0,9.0,47.0,11.0,36.0,194.0,32.0,142.0,19.0,1.0,343.0,165.0,467.0,41.0,3724.0,590.0,3134.0,2349.0,556.0,653.0,700.0,1870.0,479.0,478.9999999999997,1666.0000000000007,144.0,60.0,2348.9999999999977,17364.30994284199,83917.71833748632,4656.6043930837195,3358.171747764485,109296.80442117652,54525.72218410698,53684.474473253336,,,
Inyo,72.0,84.0,11.0,46.0,18.0,12.0,4.0,2.0,9.0,1.0,8.0,50.0,24.0,6.0,0.0,20.0,43.0,29.0,61.0,11.0,234.0,80.0,154.0,201.0,79.0,38.0,39.0,160.0,41.0,112.99999999999997,39.0,2.0,47.0,201.00000000000003,8287.381657417469,1930.5006856645443,67.54453560093502,1587.4356919211532,11872.862570604102,6267.802611551009,6171.100094136455,,,
Kern,2285.0,4674.0,378.0,2172.0,1139.0,1259.0,776.0,52.0,1360.0,410.0,950.0,2300.0,792.0,1107.0,369.0,32.0,1715.0,570.0,1953.0,332.0,25039.0,4892.0,20147.0,13653.0,3901.0,3685.0,3235.0,10819.0,2834.0,5120.000000000001,6061.0,2251.000000000001,221.00000000000006,13653.000000000002,224311.8462587354,236676.36845720446,30729.454611803154,34949.505192441866,526667.1745201849,260203.29986710727,256188.7646789136,,,
Kings,351.0,1437.0,146.0,691.0,330.0,382.0,178.0,20.0,355.0,112.0,243.0,652.0,183.0,362.0,83.0,24.0,219.0,132.0,306.0,45.0,2075.0,562.0,1513.0,1284.0,321.0,218.0,243.0,1009.0,275.0,374.0,723.0000000000001,126.0,60.99999999999999,1283.999999999999,40142.543952835214,47152.59852098455,9082.646597825214,5988.626982055095,102366.41605370007,50261.34492263331,49485.8899691377,,,
Lake,207.0,420.0,31.0,228.0,83.0,86.0,49.0,18.0,87.0,12.0,75.0,149.0,86.0,34.0,10.0,19.0,137.0,70.0,174.0,33.0,1387.0,277.0,1110.0,1019.0,325.0,139.0,261.0,764.0,255.0,768.0,136.00000000000003,55.00000000000001,60.000000000000014,1019.0000000000002,32759.29203586207,6179.093275649902,747.5167789295865,2705.6475169964033,42391.54960743796,21775.57279180407,21439.609323007106,,,
Lassen,67.0,146.0,13.0,92.0,23.0,27.0,9.0,1.0,31.0,14.0,17.0,53.0,41.0,7.0,2.0,3.0,32.0,33.0,51.0,14.0,292.0,96.0,196.0,254.0,91.0,40.0,35.0,191.0,63.0,191.00000000000003,31.0,10.0,22.0,254.00000000000003,16959.462003501023,4895.760377900279,2881.9590796223515,1515.886104467616,26253.06756549127,13357.652352260802,13151.56439939012,,,
Los Angeles,17854.0,52885.0,3367.0,32670.0,9761.0,9675.0,3336.0,659.0,15542.0,3170.0,12372.0,20557.0,3127.0,9446.0,7214.0,770.0,12107.0,5747.0,15951.0,1903.0,210330.0,54747.0,155583.0,112264.0,30406.0,29187.0,30780.0,89908.0,22356.0,20442.000000000015,55353.00000000003,30744.00000000003,5724.999999999997,112263.9999999998,1987964.3216898201,3004014.209057714,574789.8394687423,1085325.1194514446,6652093.489667721,3182742.950084294,3133638.1402121116,,,
Madera,331.0,673.0,103.0,396.0,141.0,168.0,84.0,8.0,163.0,38.0,125.0,321.0,85.0,192.0,33.0,11.0,245.0,86.0,285.0,46.0,2829.0,685.0,2144.0,1344.0,386.0,272.0,244.0,1055.0,289.0,463.9999999999999,743.0,90.0,46.99999999999999,1343.9999999999995,39690.74956122497,47086.62408244864,4193.932733934049,4397.8610608909075,95369.16743849857,47515.74959634049,46782.65493979566,,,
Marin,267.0,428.0,23.0,241.0,110.0,47.0,16.0,3.0,114.0,48.0,66.0,121.0,61.0,21.0,36.0,3.0,209.0,58.0,239.0,28.0,3609.0,524.0,3085.0,1511.0,425.0,411.0,420.0,1161.0,350.0,813.0000000000001,299.9999999999999,299.00000000000006,99.00000000000001,1510.9999999999995,126265.48736039027,25839.56705339994,5387.634779024838,13615.353938414046,171108.0431312291,83904.16324673533,82609.65154775999,,,
Mariposa,44.0,73.0,5.0,44.0,12.0,8.0,2.0,4.0,15.0,5.0,10.0,31.0,24.0,4.0,1.0,2.0,23.0,21.0,39.0,5.0,227.0,48.0,179.0,184.0,60.0,35.0,41.0,147.0,37.0,134.0,28.0,7.0,15.0,184.00000000000003,10388.576419081492,1028.7539725416198,104.85649339401337,830.2226146468565,12352.409499663981,6535.994802627022,6435.154493766996,,,
Mendocino,252.0,362.0,28.0,220.0,55.0,68.0,14.0,13.0,39.0,2.0,37.0,140.0,71.0,39.0,9.0,21.0,147.0,105.0,220.0,32.0,1297.0,520.0,777.0,1461.0,375.0,216.0,521.0,1138.0,323.0,1006.0000000000002,226.0,48.0,181.00000000000003,1460.9999999999984,42936.727494122686,11195.16090434826,390.94715702605305,4486.114874307983,59008.95042980498,30022.752873440135,29559.54814883279,,,
Merced,667.0,1152.0,52.0,647.0,254.0,156.0,64.0,5.0,264.0,42.0,222.0,440.0,119.0,241.0,49.0,31.0,499.0,168.0,597.0,70.0,6048.0,1658.0,4390.0,3735.0,986.0,905.0,1016.0,2873.0,862.0,1072.9999999999998,2069.9999999999995,414.99999999999994,177.0,3734.9999999999995,56574.276712353145,79690.31615257342,5776.059720901502,15194.332857849804,157234.98544367787,79349.00583881672,78124.77318592262,,,
Modoc,14.0,28.0,3.0,20.0,7.0,3.0,2.0,1.0,5.0,0.0,5.0,10.0,10.0,0.0,0.0,0.0,9.0,5.0,11.0,3.0,86.0,10.0,76.0,119.0,40.0,21.0,10.0,97.0,22.0,91.0,12.0,1.0,15.0,118.99999999999999,5050.130005312931,742.0089427662494,56.68580517623975,388.8364891563642,6237.661242411785,3443.624534716825,3390.4947247697246,,,
Mono,33.0,36.0,3.0,18.0,12.0,6.0,1.0,0.0,8.0,2.0,6.0,20.0,12.0,7.0,0.0,1.0,15.0,18.0,28.0,5.0,302.0,49.0,253.0,156.0,50.0,37.0,38.0,133.0,23.0,105.0,43.0,1.0,6.999999999999999,156.00000000000006,7858.353597380417,2140.240534391526,42.688877282539785,445.2720363196586,10486.555045374143,5300.538346188771,5218.75922302618,,,
Monterey,1007.0,1698.0,104.0,1067.0,272.0,299.0,134.0,9.0,349.0,38.0,311.0,627.0,145.0,378.0,74.0,30.0,658.0,349.0,877.0,130.0,9003.0,2118.0,6885.0,3905.0,1171.0,954.0,907.0,3134.0,771.0,978.0000000000003,2464.0000000000014,313.0000000000001,150.00000000000003,3904.9999999999977,98276.43588522395,140772.43450526602,8964.668514401714,24233.49924983055,272247.03815472225,129976.38757226395,127971.05258300884,,,
Napa,234.0,389.0,23.0,213.0,79.0,68.0,22.0,4.0,96.0,20.0,76.0,158.0,77.0,56.0,17.0,8.0,160.0,74.0,206.0,28.0,2214.0,580.0,1634.0,1319.0,326.0,314.0,297.0,1059.0,260.0,722.0000000000002,416.0000000000001,114.0,67.0,1319.0000000000005,53940.35838465587,25940.45583555373,1585.337253772911,7457.987269547753,88924.13874353027,43565.01139759688,42892.87053190059,,,
Nevada,142.0,130.0,8.0,96.0,22.0,13.0,6.0,1.0,25.0,6.0,19.0,52.0,39.0,9.0,2.0,2.0,78.0,64.0,119.0,23.0,1127.0,289.0,838.0,661.0,185.0,155.0,226.0,490.0,171.0,587.9999999999998,44.0,9.0,20.0,661.0000000000003,57765.07222341674,4955.749561063705,228.69251384961177,2692.6851912841666,65642.19948961423,34472.746354433926,33940.88510077484,,,
Orange,5251.0,8793.0,605.0,4850.0,1989.0,1829.0,932.0,39.0,1946.0,397.0,1549.0,4311.0,1613.0,2089.0,303.0,306.0,3315.0,1936.0,4573.0,678.0,39662.0,7429.0,32233.0,22013.0,5210.0,6102.0,7057.0,17102.0,4911.0,9210.99999999999,9672.0,1246.0000000000011,1883.999999999999,22013.000000000033,948368.2638145039,634018.2185618576,33093.726648376294,405393.2822683791,2020873.491293117,995906.2619225525,980540.9658841378,,,
Placer,535.0,946.0,92.0,417.0,287.0,194.0,81.0,8.0,297.0,49.0,248.0,361.0,245.0,53.0,38.0,25.0,345.0,190.0,460.0,75.0,5090.0,816.0,4274.0,3243.0,633.0,953.0,734.0,2394.0,849.0,2426.999999999999,450.99999999999994,229.00000000000003,135.99999999999994,3243.000000000001,174403.84250873514,25518.769334528726,3026.9205011014765,19857.058150736673,222806.590495102,105119.73629392753,103497.90105762907,,,
Plumas,43.0,68.0,7.0,40.0,12.0,13.0,3.0,1.0,9.0,0.0,9.0,41.0,28.0,10.0,1.0,2.0,21.0,22.0,35.0,8.0,326.0,121.0,205.0,307.0,100.0,38.0,101.0,233.0,74.0,251.00000000000006,25.000000000000007,13.999999999999998,17.000000000000004,307.0,11834.92999514986,919.9533369262449,128.0825029602166,687.8401476769905,13570.805982713311,7186.2081011593555,7075.336004969488,,,
Riverside,3359.0,10298.0,729.0,5944.0,2321.0,1896.0,773.0,84.0,2809.0,469.0,2340.0,3842.0,1222.0,1844.0,681.0,95.0,2646.0,713.0,3017.0,342.0,45088.0,7285.0,37803.0,20806.0,5022.0,5572.0,5625.0,16088.0,4718.0,7543.000000000005,9317.999999999989,3232.0000000000014,712.9999999999997,20805.999999999996,577224.5696710204,570632.5316520758,85818.24089914419,119722.89055989333,1353398.2327821336,664173.5587006916,653926.3861097463,,,
Sacramento,4176.0,7296.0,423.0,4712.0,1329.0,1101.0,383.0,49.0,2232.0,541.0,1691.0,2455.0,787.0,482.0,968.0,218.0,2423.0,1753.0,3736.0,440.0,40823.0,8988.0,31835.0,17568.0,4603.0,4690.0,4271.0,13505.0,4063.0,6619.000000000001,3252.999999999999,6384.999999999998,1311.0000000000005,17567.99999999999,493233.3456446406,177712.40093844486,91894.77441268912,173789.27652026922,936629.7975160439,452672.6677049722,445688.627325149,,,
San Benito,120.0,138.0,6.0,71.0,28.0,31.0,18.0,1.0,18.0,5.0,13.0,70.0,9.0,60.0,0.0,1.0,81.0,39.0,104.0,16.0,994.0,246.0,748.0,501.0,170.0,98.0,106.0,374.0,127.0,161.00000000000006,317.99999999999994,10.0,12.0,501.00000000000017,15044.66219921047,18663.039694130908,255.29603075305812,1565.5879217681359,35528.58584586257,18130.860851192712,17851.129660556275,,,
San Bernardino,5629.0,11764.0,921.0,6400.0,2932.0,2188.0,882.0,172.0,2618.0,600.0,2018.0,6207.0,1826.0,2687.0,1544.0,150.0,4377.0,1252.0,4790.0,839.0,45352.0,10038.0,35314.0,30085.0,7395.0,9284.0,8426.0,23080.0,7005.0,9859.000000000002,12835.000000000002,6236.999999999997,1154.0000000000002,30084.999999999956,495476.5802515548,580345.9715594577,112880.08029397631,116061.2330747277,1304763.8651797164,653279.3550390446,643200.2631910007,,,
San Diego,4866.0,11856.0,869.0,6771.0,2665.0,2428.0,727.0,180.0,3703.0,658.0,3045.0,4203.0,1397.0,1525.0,984.0,297.0,3048.0,1818.0,4159.0,707.0,56300.0,12775.0,43525.0,27250.0,8349.0,6748.0,7312.0,21007.0,6243.0,11016.000000000002,9137.999999999996,5185.000000000001,1911.000000000001,27250.00000000003,1104188.854540826,607761.4763175827,108193.76506248506,301373.7954129791,2121517.891333873,991080.8616354493,975790.0140735127,,,
San Francisco,1970.0,1533.0,99.0,990.0,241.0,321.0,30.0,15.0,193.0,41.0,152.0,640.0,131.0,89.0,372.0,48.0,1628.0,342.0,1710.0,260.0,17169.0,6030.0,11139.0,15533.0,3156.0,2564.0,6696.0,12692.0,2841.0,7038.178985625842,6826.53563169487,4444.510432550281,1357.0073869691337,19666.23243684013,280627.24655496737,89662.04416067063,34868.787399073044,211733.84526634496,616891.9233810559,286230.68357322324,281814.5860382101,,*Adjusted for San Francisco underreporting of arrests using reported-offense arrest change.,*Adjusted for San Francisco underreporting of Latino arrests using statewide population figures prorated by San Francisco felony arrests.
San Joaquin,1309.0,3489.0,252.0,2109.0,829.0,511.0,187.0,13.0,697.0,109.0,588.0,1426.0,402.0,453.0,409.0,162.0,792.0,517.0,1121.0,188.0,22502.0,5531.0,16971.0,9478.0,2705.0,2509.0,1793.0,7395.0,2083.0,3392.0000000000005,3289.9999999999977,2142.0,654.0000000000002,9478.000000000002,172986.6811034733,151554.58620176208,30805.663320740936,75185.27608490497,430532.20671088126,206141.9526992768,202961.50063238578,,,
San Luis Obispo,481.0,752.0,49.0,433.0,165.0,133.0,65.0,6.0,182.0,56.0,126.0,322.0,192.0,90.0,33.0,7.0,251.0,230.0,418.0,63.0,3703.0,694.0,3009.0,2049.0,570.0,524.0,495.0,1622.0,427.0,1394.0000000000005,497.0000000000001,124.00000000000001,34.000000000000014,2049.000000000002,138628.8770373615,35093.18010589547,4733.235487511065,11516.075255701377,189971.3678864694,89310.64110049643,87932.71579531701,,,
San Mateo,1024.0,1558.0,101.0,1008.0,309.0,246.0,99.0,8.0,407.0,89.0,318.0,680.0,181.0,194.0,180.0,125.0,649.0,375.0,913.0,111.0,10749.0,2072.0,8677.0,4759.0,1235.0,1244.0,1396.0,3831.0,928.0,1410.9999999999998,1726.0000000000007,832.9999999999998,789.0,4759.000000000005,211816.00124346768,118395.18113355155,13722.905093264653,145853.69980269077,489787.7872729746,239148.2154082888,235458.5276662785,,,
Santa Barbara,940.0,1579.0,125.0,903.0,325.0,308.0,120.0,5.0,307.0,87.0,220.0,769.0,212.0,480.0,54.0,23.0,708.0,232.0,816.0,124.0,6637.0,1897.0,4740.0,3592.0,1154.0,836.0,816.0,2919.0,673.0,1348.0000000000002,1910.9999999999993,218.99999999999997,114.00000000000001,3591.999999999999,146214.92534041207,112149.92460086253,5576.000669745338,22114.774862315797,286055.62547333573,136640.2866158523,134532.13795277095,,,
Santa Clara,4034.0,5520.0,322.0,3546.0,1123.0,804.0,324.0,19.0,1659.0,512.0,1147.0,2184.0,467.0,1144.0,320.0,253.0,2828.0,1206.0,3524.0,510.0,28803.0,5013.0,23790.0,14269.0,3663.0,3759.0,4019.0,11232.0,3037.0,3780.0,7049.999999999996,1657.0000000000002,1781.9999999999998,14269.000000000011,454766.348132475,301294.825477563,31953.826064599114,421654.48185335356,1209669.4815279907,573506.4115608251,564658.0930689325,,,
Santa Cruz,447.0,532.0,30.0,371.0,101.0,50.0,18.0,2.0,103.0,14.0,89.0,167.0,67.0,82.0,15.0,3.0,227.0,220.0,392.0,55.0,6020.0,1215.0,4805.0,2715.0,664.0,631.0,832.0,2174.0,541.0,1391.9999999999995,1102.0,160.99999999999997,59.999999999999986,2715.0,118990.19030138082,53539.32034939742,1820.4234253798622,14111.018359810201,188460.9524359683,91723.58670192814,90308.43337147351,,,
Shasta,214.0,1370.0,156.0,720.0,328.0,300.0,129.0,9.0,385.0,75.0,310.0,521.0,393.0,55.0,31.0,42.0,156.0,58.0,186.0,28.0,4002.0,1280.0,2722.0,1684.0,396.0,389.0,415.0,1196.0,488.0,1409.0000000000002,84.0,92.0,99.00000000000001,1683.9999999999998,97982.03063119555,8184.13718729272,878.3647604802063,8820.904608695186,115865.43718766367,58850.62813459031,57942.65380215765,,,
Sierra,6.0,10.0,0.0,6.0,1.0,1.0,1.0,0.0,2.0,1.0,1.0,1.0,0.0,1.0,0.0,0.0,4.0,2.0,5.0,1.0,46.0,13.0,33.0,40.0,12.0,10.0,6.0,35.0,5.0,35.00000000000001,3.0,0.0,2.0,40.0,1999.7740745231986,158.6012135794663,3.9025931696735547,76.18587998782914,2238.4637612601678,1253.6555442537692,1234.3135747289737,,,
Siskiyou,85.0,232.0,11.0,141.0,42.0,27.0,7.0,3.0,48.0,8.0,40.0,49.0,38.0,3.0,2.0,6.0,53.0,32.0,77.0,8.0,630.0,183.0,447.0,623.0,171.0,118.0,176.0,485.0,138.0,488.00000000000006,46.00000000000001,38.0,50.99999999999999,623.0000000000001,24014.70024947054,2566.621650119327,379.86854548233885,2385.3542954496625,29346.54474052187,15009.073461115082,14777.50663016942,,,
Solano,853.0,1522.0,135.0,936.0,341.0,267.0,113.0,2.0,237.0,36.0,201.0,616.0,194.0,86.0,294.0,42.0,640.0,213.0,746.0,107.0,10524.0,2064.0,8460.0,4625.0,1349.0,1004.0,1313.0,3572.0,1053.0,1787.0,930.9999999999999,1617.0000000000002,290.0000000000001,4625.0,125079.44137946333,58241.6776597901,41494.74049662338,54276.2663468908,279092.1258827676,139510.9549052551,137358.51626250273,,,
Sonoma,955.0,1185.0,78.0,733.0,261.0,135.0,41.0,5.0,221.0,27.0,194.0,455.0,228.0,170.0,37.0,20.0,529.0,426.0,822.0,133.0,6454.0,1917.0,4537.0,4666.0,1179.0,1035.0,1608.0,3610.0,1056.0,2810.9999999999986,1305.0000000000002,335.0,215.0000000000001,4665.999999999998,229147.2354425396,71184.63027402872,4793.509617931182,22676.466159040516,327801.84149354004,159640.76036367903,157177.749901178,,,
Stanislaus,1278.0,2329.0,187.0,1138.0,683.0,479.0,277.0,10.0,588.0,111.0,477.0,1053.0,502.0,389.0,106.0,56.0,851.0,427.0,1088.0,190.0,14877.0,2721.0,12156.0,8199.0,1909.0,2106.0,2130.0,6307.0,1892.0,3861.000000000003,3196.999999999999,772.9999999999999,368.0,8199.000000000005,167569.113081534,122569.87306160279,8506.641808818647,28085.789247848035,326731.41719980346,157300.40875124573,154873.50630084777,,,
Sutter,233.0,454.0,45.0,223.0,149.0,53.0,25.0,0.0,33.0,7.0,26.0,278.0,162.0,85.0,17.0,14.0,174.0,59.0,185.0,48.0,1354.0,316.0,1038.0,1050.0,391.0,277.0,171.0,743.0,307.0,611.9999999999999,274.0,82.0,82.0,1049.9999999999998,31958.961525788036,15502.398868562565,1176.1524656163833,11148.188613330502,59785.701473297486,28234.644702471385,27799.027726275817,,,
Tehama,180.0,398.0,32.0,198.0,66.0,107.0,35.0,17.0,77.0,18.0,59.0,145.0,99.0,40.0,2.0,4.0,107.0,73.0,143.0,37.0,1112.0,387.0,725.0,1082.0,218.0,229.0,449.0,831.0,251.0,802.0,226.00000000000003,25.0,29.0,1082.0000000000007,30073.350240712607,7586.907725237402,230.36363330277175,2173.8727236386403,40064.49432289143,20525.436471424153,20208.760675960948,,,
Trinity,32.0,59.0,3.0,34.0,14.0,8.0,3.0,3.0,13.0,4.0,9.0,23.0,19.0,2.0,1.0,1.0,13.0,19.0,25.0,7.0,145.0,22.0,123.0,234.0,61.0,47.0,63.0,186.0,48.0,187.0,25.0,3.0,19.0,234.00000000000003,8014.427717455921,533.5959309654281,40.84780429958507,800.6227754692809,9389.494228190215,4933.411142593331,4857.296225373284,,,
Tulare,1481.0,2766.0,185.0,1604.0,661.0,419.0,179.0,17.0,620.0,109.0,511.0,909.0,259.0,570.0,49.0,31.0,701.0,780.0,1267.0,214.0,11353.0,2230.0,9123.0,6908.0,1905.0,1703.0,1613.0,5425.0,1483.0,1935.9999999999995,4476.000000000001,344.00000000000006,151.99999999999997,6907.999999999999,97603.41657902463,150295.80988672853,3646.7440949199545,14742.048908763594,266288.0194694367,134125.7212813484,132056.3684791325,,,
Tuolumne,113.0,246.0,25.0,125.0,55.0,58.0,17.0,6.0,67.0,5.0,62.0,82.0,67.0,10.0,1.0,4.0,63.0,50.0,82.0,31.0,827.0,158.0,669.0,800.0,147.0,192.0,197.0,567.0,233.0,713.0000000000002,56.00000000000001,12.000000000000002,19.000000000000004,800.0000000000002,30604.35559977742,3990.715689789538,1125.890655506178,1758.9137989055453,37479.87574397868,19476.655521207744,19176.16079658992,,,
Ventura,1527.0,2154.0,134.0,1302.0,444.0,366.0,154.0,6.0,433.0,75.0,358.0,828.0,269.0,491.0,49.0,19.0,982.0,545.0,1299.0,228.0,9717.0,2021.0,7696.0,7821.0,2027.0,1977.0,1930.0,6138.0,1683.0,3024.0,4199.000000000001,397.00000000000017,200.99999999999991,7820.999999999999,280288.35929482087,201655.96339578996,9589.133452765847,48644.9831112097,540178.4392545864,268803.8722477226,264656.6435061489,,,
Yolo,404.0,1072.0,92.0,471.0,246.0,330.0,113.0,6.0,249.0,27.0,222.0,528.0,212.0,189.0,75.0,52.0,317.0,87.0,354.0,50.0,3535.0,556.0,2979.0,2163.0,493.0,478.0,573.0,1670.0,493.0,1052.0000000000002,733.9999999999999,248.99999999999997,128.00000000000003,2162.999999999999,73707.93282487565,37348.94261218224,3321.3462697745076,27185.63157615572,141563.85328298813,67414.3579947916,66374.25853218755,,,
Yuba,417.0,487.0,51.0,299.0,107.0,82.0,24.0,3.0,67.0,12.0,55.0,203.0,135.0,42.0,14.0,12.0,365.0,52.0,353.0,64.0,1162.0,279.0,883.0,1145.0,331.0,331.0,200.0,857.0,288.0,768.0,184.0,117.0,76.00000000000001,1145.0,29164.523443234066,9684.872583945094,1424.557949852674,5598.728498694538,45872.68247572637,23303.599534631627,22944.060972318497,,,
California,76130.0,159439.0,10918.0,94588.0,33112.0,29071.0,11384.0,1613.0,41009.0,8570.0,32439.0,64449.0,17855.0,27230.0,16016.0,3348.0,52489.0,23639.0,66690.0,9438.0,770393.0,174580.0,595813.0,407886.0,106778.0,103713.0,113111.0,320596.0,87290.0,136302.17898562585,167177.5356316949,84866.5104325503,23673.00738696913,412019.2324368399,10719527.459159646,8593161.623104993,1514775.6281715038,4018591.3935402734,24846056.103976414,12037828.550746555,11852103.441452801,,*Statewide arrest figures are affected by adjusted San Francisco arrest tabulations.,
